id,Dept,Commune,Adresse,Date vente,Année construct.,Nb Pièces,Surface terrain(m²),Surface utile(m²),Prix(€),Prix/m²(€) Surface utile
1.0,44.0,BOUGUENAIS, RUE DES ACACIAS,2021-01-01,1955,3,269,48.0,213000,"4437,50"
2.0,44.0,BOUGUENAIS, RUE DE LA CADOIRE,2021-01-01,1962,3,361,50.0,405000,"8100,00"
3.0,44.0,BOUGUENAIS, T RUE PASTEUR,2021-01-01,1820,1,91,30.0,150000,"5000,00"
4.0,44.0,NANTES, B RUE NICOLAS APPERT,2021-01-01,1925,1,142,44.0,155000,"3522,73"
5.0,44.0,NANTES, AV DU BOUT DES LANDES,2021-01-01,1850,1,154,31.0,175000,"5645,16"
6.0,44.0,NANTES, RUE EDGAR QUINET,2021-01-01,1926,2,161,50.0,270000,"5400,00"
7.0,44.0,NANTES, RUE DE LA FEDERATION,2021-01-01,1901,2,296,35.0,335000,"9571,43"
8.0,44.0,NANTES, RUE DU FONTENY,2021-01-01,1932,2,87,50.0,265000,"5300,00"
9.0,44.0,NANTES, A IMP FRABOULET,2021-01-01,1870,1,21,27.0,210000,"7777,78"
10.0,44.0,NANTES, AV DE LA FREGATE,2021-01-01,1987,2, ,34.0,218000,"6411,76"
11.0,44.0,NANTES, IMP JEAN MARIE MUSTIERE,2021-01-01,1954,2,121,40.0,130000,"3250,00"
12.0,44.0,NANTES, RUE DU KIRIOL,2021-01-01,1940,4,63,48.0,150000,"3125,00"
13.0,44.0,NANTES, RUE LUCIEN BAGRIN,2021-01-01,1890,2,54,43.0,260000,"6046,51"
14.0,44.0,NANTES, RUE MARCEL SCHWOB,2021-01-01,1900,2,96,45.0,120000,"2666,67"
15.0,44.0,NANTES, RUE MAL JOFFRE,2021-01-01,1946,3,69,47.0,490000,"10425,53"
16.0,44.0,NANTES, RUE MAL JOFFRE,2021-01-01,1866,3, ,50.0,325000,"6500,00"
17.0,44.0,NANTES, RUE DE NANCY,2021-01-01,1930,2,167,42.0,243325,"5793,45"
18.0,44.0,NANTES, B RUE DE NANCY,2021-01-01,1930,2,45,49.0,135261,"2760,43"
19.0,44.0,NANTES, B RUE DE L OUCHETTE,2021-01-01,2011,2,41,40.0,190000,"4750,00"
20.0,44.0,NANTES, AV D OUESSANT,2021-01-01,1987,2, ,27.0,180000,"6666,67"
21.0,44.0,NANTES, RUE DES PIBALLIERS,2021-01-01,1850,2,77,50.0,210000,"4200,00"
22.0,44.0,NANTES, RUE DU PLESSIS TISON,2021-01-01,1935,3,243,48.0,310000,"6458,33"
23.0,44.0,NANTES, RUE DE PROVENCE,2021-01-01,1900,2,154,40.0,310336,"7758,40"
24.0,44.0,NANTES, RUE DES REINETTES,2021-01-01,1960,2,205,38.0,193000,"5078,95"
25.0,44.0,NANTES, RUE RENE GUY CADOU,2021-01-01,1954,3,267,50.0,200000,"4000,00"
26.0,44.0,ORVAULT, CHE DE SAINT MICHEL,2021-01-01,1860,2,293,45.0,310000,"6888,89"
27.0,44.0,REZE, RUE EMILE ZOLA,2021-01-01,1969,2,175,50.0,191430,"3828,60"
28.0,44.0,REZE, RUE DES FRERES BREGEON,2021-01-01,1900,3,89,50.0,220000,"4400,00"
29.0,44.0,REZE, GRAND RUE,2021-01-01,1870,2,25,40.0,208700,"5217,50"
30.0,44.0,REZE, RUE MADAME CURIE,2021-01-01,1925,2,342,50.0,190000,"3800,00"
31.0,44.0,ST-HERBLAIN, AV DES PLANTES,2021-01-01,1985,2, ,32.0,120000,"3750,00"
32.0,44.0,ST SEBASTIEN SUR LOIRE, RUE JEAN BAPTISTE LULLI,2021-01-01,1988,3, ,33.0,130150,"3943,94"
33.0,44.0,ST SEBASTIEN SUR LOIRE, RUE JEAN PHILIPPE RAMEAU,2021-01-01,1988,2, ,33.0,119000,"3606,06"
34.0,44.0,ST SEBASTIEN SUR LOIRE, RUE MAURICE DANIEL,2021-01-01,1936,1,371,50.0,264000,"5280,00"
35.0,44.0,ST SEBASTIEN SUR LOIRE, RUE DE LA SAVARIERE,2021-01-01,1879,3,701,44.0,376000,"8545,45"
36.0,44.0,VERTOU, RUE DU BOIS HARDY,2021-01-01,1962,2,275,50.0,265960,"5319,20"
37.0,44.0,BOUGUENAIS, RUE DE LA CADOIRE,2021-01-01,1962,3,361,50.0,405000,"8100,00"
38.0,44.0,NANTES, RUE ALBERT DORY,2021-01-01,1957,1,435,54.0,535000,"9907,41"
39.0,44.0,NANTES, RUE ARAGO,2021-01-01,1950,2,210,54.0,290000,"5370,37"
40.0,44.0,NANTES, RUE DE L AVENIR,2021-01-01,1920,2,165,55.0,278000,"5054,55"
41.0,44.0,NANTES, RUE DES BOSQUETS,2021-01-01,1936,3,194,53.0,515000,"9716,98"
42.0,44.0,NANTES, B RUE CLEMENCE ROYER,2021-01-01,1996,2,40,51.0,212000,"4156,86"
43.0,44.0,NANTES, RUE EDGAR QUINET,2021-01-01,1926,2,161,50.0,270000,"5400,00"
44.0,44.0,NANTES, B BD DE L EGALITE,2021-01-01,1940,3, ,54.0,350000,"6481,48"
45.0,44.0,NANTES, RUE DU FONTENY,2021-01-01,1932,2,87,50.0,265000,"5300,00"
46.0,44.0,NANTES, RUE FRERE LOUIS,2021-01-01,1925,3,343,51.0,230000,"4509,80"
47.0,44.0,NANTES, RUE JEAN LOUIS DE GIRODET,2021-01-01,1940,3,162,53.0,365000,"6886,79"
48.0,44.0,NANTES, B RUE LEDRU ROLLIN,2021-01-01,1920,2, ,54.0,205000,"3796,30"
49.0,44.0,NANTES, RUE MAL JOFFRE,2021-01-01,1866,3, ,50.0,325000,"6500,00"
50.0,44.0,NANTES, RUE DES PIBALLIERS,2021-01-01,1850,2,77,50.0,210000,"4200,00"
51.0,44.0,NANTES, RUE RENE GUY CADOU,2021-01-01,1954,3,267,50.0,200000,"4000,00"
52.0,44.0,NANTES, RUE DE LA SIRENE,2021-01-01,1948,3,500,54.0,450000,"8333,33"
53.0,44.0,NANTES, AV WATEL DEHAYNIN,2021-01-01,1929,3,240,53.0,481000,"9075,47"
54.0,44.0,REZE, RUE CLAUDE GAULUE,2021-01-01,1890,3,610,54.0,400000,"7407,41"
55.0,44.0,REZE, RUE EMILE ZOLA,2021-01-01,1969,2,175,50.0,191430,"3828,60"
56.0,44.0,REZE, RUE DES FRERES BREGEON,2021-01-01,1900,3,94,55.0,230000,"4181,82"
57.0,44.0,REZE, RUE DES FRERES BREGEON,2021-01-01,1900,3,89,50.0,220000,"4400,00"
58.0,44.0,REZE, RUE JULIEN DOUILLARD,2021-01-01,1935,3,230,54.0,270000,"5000,00"
59.0,44.0,REZE, RUE MADAME CURIE,2021-01-01,1925,2,342,50.0,190000,"3800,00"
60.0,44.0,ST-HERBLAIN, AV MICHEL LECOUR GRANDMAISON,2021-01-01,1963,3,188,52.0,190000,"3653,85"
61.0,44.0,ST-HERBLAIN, AV DES TUILERIES,2021-01-01,1963,3,420,54.0,280000,"5185,19"
62.0,44.0,ST SEBASTIEN SUR LOIRE, RUE DU BAS POITOU,2021-01-01,1900,3,134,54.0,250000,"4629,63"
63.0,44.0,ST SEBASTIEN SUR LOIRE, RUE DES BERNARDIERES,2021-01-01,1960,3,429,55.0,287300,"5223,64"
64.0,44.0,ST SEBASTIEN SUR LOIRE, B RUE DE LA GAGNERIE,2021-01-01,1850,3,102,55.0,150000,"2727,27"
65.0,44.0,ST SEBASTIEN SUR LOIRE, B RUE DES GRANDS NOELS,2021-01-01,1870,4,363,52.0,270000,"5192,31"
66.0,44.0,ST SEBASTIEN SUR LOIRE, RUE JEAN BAPTISTE LULLI,2021-01-01,1988,3, ,52.0,170000,"3269,23"
67.0,44.0,ST SEBASTIEN SUR LOIRE, RUE MAURICE DANIEL,2021-01-01,1936,1,371,50.0,264000,"5280,00"
68.0,44.0,VERTOU, RUE DU BOIS HARDY,2021-01-01,1962,2,275,50.0,265960,"5319,20"
69.0,44.0,VERTOU, RTE DE CLISSON,2021-01-01,1926,3,459,54.0,220000,"4074,07"
70.0,44.0,BOUGUENAIS, AV DES PEUPLIERS,2021-01-01,1967,4,261,60.0,207000,"3450,00"
71.0,44.0,NANTES, RUE ALEXANDRE GOSSELIN,2021-01-01,1956,4,372,60.0,330000,"5500,00"
72.0,44.0,NANTES, RUE DE L AVENIR,2021-01-01,1920,2,165,55.0,278000,"5054,55"
73.0,44.0,NANTES, RUE DU BOIS HARDY,2021-01-01,1905,2,392,56.0,340369,"6078,02"
74.0,44.0,NANTES, RUE DE LA CONSTITUTION,2021-01-01,1930,3,239,59.0,404400,"6854,24"
75.0,44.0,NANTES, B RUE DE LA CONTRIE,2021-01-01,1900,3,179,57.0,245000,"4298,25"
76.0,44.0,NANTES, RUE DE LA CONTRIE,2021-01-01,1957,3,666,58.0,300000,"5172,41"
77.0,44.0,NANTES, RUE DENIS PAPIN,2021-01-01,1920,4,338,60.0,250000,"4166,67"
78.0,44.0,NANTES, BD DE DOULON,2021-01-01,1890,3,188,58.0,161000,"2775,86"
79.0,44.0,NANTES, RUE DES DROITS DE L HOMME,2021-01-01,1930,2,232,56.0,325000,"5803,57"
80.0,44.0,NANTES, AV DE FRANCE,2021-01-01,1910,3,132,60.0,442000,"7366,67"
81.0,44.0,NANTES, B AV DE LA GARE DE ST JOSEPH,2021-01-01,1952,3,485,59.0,230000,"3898,31"
82.0,44.0,NANTES, RUE DE GENEVE,2021-01-01,1931,3,84,60.0,170000,"2833,33"
83.0,44.0,NANTES, AV GILARD,2021-01-01,1911,3,119,59.0,250000,"4237,29"
84.0,44.0,NANTES, RUE GUTENBERG,2021-01-01,1875,3, ,60.0,231215,"3853,58"
85.0,44.0,NANTES, RUE JONCOURS,2021-01-01,1930,3,236,58.0,315000,"5431,03"
86.0,44.0,NANTES, RUE DE LA METHODE,2021-01-01,1925,3,207,60.0,400000,"6666,67"
87.0,44.0,NANTES, RUE DE MIRIBEL,2021-01-01,1955,3,253,57.0,245000,"4298,25"
88.0,44.0,NANTES, RUE DE LA PETITE SENSIVE,2021-01-01,1957,4,560,60.0,343500,"5725,00"
89.0,44.0,NANTES, RUE DES PLANTES,2021-01-01,1956,2,396,56.0,250000,"4464,29"
90.0,44.0,NANTES, IMP DE LA ROSIERE D ARTOIS,2021-01-01,1870,3, ,60.0,490000,"8166,67"
91.0,44.0,REZE, RUE ARISTIDE BRIAND,2021-01-01,1900,3,66,60.0,180000,"3000,00"
92.0,44.0,REZE, RUE DE LA BARBONNERIE,2021-01-01,1900,3,53,57.0,252500,"4429,82"
93.0,44.0,REZE, RUE EMILE ZOLA,2021-01-01,1909,3,426,56.0,209500,"3741,07"
94.0,44.0,REZE, RUE DES FRERES BREGEON,2021-01-01,1900,3,94,55.0,230000,"4181,82"
95.0,44.0,REZE, B RUE JEAN FRAIX,2021-01-01,1870,4,78,58.0,205000,"3534,48"
96.0,44.0,REZE, RUE DES ROCHERS,2021-01-01,1965,3,403,59.0,250000,"4237,29"
97.0,44.0,ST-HERBLAIN, AV COURTELINE,2021-01-01,1936,3,152,57.0,290000,"5087,72"
98.0,44.0,ST-HERBLAIN, AV DES FLORALIES,2021-01-01,1955,3,156,58.0,300000,"5172,41"
99.0,44.0,ST-HERBLAIN, AV DE VILLANDRY,2021-01-01,1961,5,468,60.0,305261,"5087,68"
100.0,44.0,ST SEBASTIEN SUR LOIRE, RUE DES BERNARDIERES,2021-01-01,1960,3,429,55.0,287300,"5223,64"
101.0,44.0,ST SEBASTIEN SUR LOIRE, RUE DES BOIS DES FAUX,2021-01-01,1962,4,627,60.0,260000,"4333,33"
102.0,44.0,ST SEBASTIEN SUR LOIRE, B RUE DE LA GAGNERIE,2021-01-01,1850,3,102,55.0,150000,"2727,27"
103.0,44.0,ST SEBASTIEN SUR LOIRE, RUE DES ROBARDIERES,2021-01-01,1962,3,326,60.0,260000,"4333,33"
104.0,44.0,ST SEBASTIEN SUR LOIRE, RUE DE VIENNE,2021-01-01,1990,3,273,59.0,229900,"3896,61"
105.0,44.0,BOUGUENAIS, AV DES PEUPLIERS,2021-01-01,1967,4,261,60.0,207000,"3450,00"
106.0,44.0,NANTES, RUE ALEXANDRE GOSSELIN,2021-01-01,1956,4,372,60.0,330000,"5500,00"
107.0,44.0,NANTES, RUE CHARYAU,2021-01-01,1924,4,279,60.0,576000,"9600,00"
108.0,44.0,NANTES, RUE DENIS PAPIN,2021-01-01,1920,4,338,60.0,250000,"4166,67"
109.0,44.0,NANTES, AV DE FRANCE,2021-01-01,1910,3,132,60.0,442000,"7366,67"
110.0,44.0,NANTES, RUE DE GENEVE,2021-01-01,1931,3,84,60.0,170000,"2833,33"
111.0,44.0,NANTES, RUE GUTENBERG,2021-01-01,1875,3, ,60.0,231215,"3853,58"
112.0,44.0,NANTES, RUE MAISDON PAJOT,2021-01-01,1900,4,132,62.0,458000,"7387,10"
113.0,44.0,NANTES, RUE DE LA METHODE,2021-01-01,1925,3,207,60.0,400000,"6666,67"
114.0,44.0,NANTES, RUE DE LA PETITE SENSIVE,2021-01-01,1957,4,560,60.0,343500,"5725,00"
115.0,44.0,NANTES, RUE DE LA PRIERE,2021-01-01,1936,4,217,62.0,335000,"5403,23"
116.0,44.0,NANTES, B RUE RENAN,2021-01-01,1900,3,143,62.0,468000,"7548,39"
117.0,44.0,NANTES, BD ROBERT SCHUMAN,2021-01-01,1900,3,215,61.0,220000,"3606,56"
118.0,44.0,NANTES, IMP DE LA ROSIERE D ARTOIS,2021-01-01,1870,3, ,60.0,490000,"8166,67"
119.0,44.0,REZE, RUE ARISTIDE BRIAND,2021-01-01,1900,3,66,60.0,180000,"3000,00"
120.0,44.0,REZE, RUE THEODORE PATRY,2021-01-01,1925,3,355,61.0,220000,"3606,56"
121.0,44.0,ST-HERBLAIN, AV DE LA LIBERTE,2021-01-01,1958,4,322,61.0,237000,"3885,25"
122.0,44.0,ST-HERBLAIN, AV DE LA REPUBLIQUE,2021-01-01,1960,4,307,61.0,231000,"3786,89"
123.0,44.0,ST-HERBLAIN, AV DE VILLANDRY,2021-01-01,1961,5,468,60.0,305261,"5087,68"
124.0,44.0,ST SEBASTIEN SUR LOIRE, RUE DES BOIS DES FAUX,2021-01-01,1962,4,627,60.0,260000,"4333,33"
125.0,44.0,ST SEBASTIEN SUR LOIRE, RUE DES ROBARDIERES,2021-01-01,1962,3,326,60.0,260000,"4333,33"
126.0,44.0,NANTES, RUE DE L ABBAYE,2021-01-01,1900,4,54,64.0,324000,"5062,50"
127.0,44.0,NANTES, RUE ALBERT CALMETTE,2021-01-01,1939,3,351,64.0,517475,"8085,55"
128.0,44.0,NANTES, RUE DE LA BASSE CHENAIE,2021-01-01,1955,4,428,64.0,250000,"3906,25"
129.0,44.0,NANTES, CHE BIRET,2021-01-01,1891,3,330,63.0,340000,"5396,83"
130.0,44.0,NANTES, RUE DE LA BOUQUINIERE,2021-01-01,1898,2,248,64.0,260241,"4066,27"
131.0,44.0,NANTES, RUE DE LA CONTRIE,2021-01-01,1954,4,653,65.0,370000,"5692,31"
132.0,44.0,NANTES, RUE COQUEBERT DE NEUVILLE,2021-01-01,1941,5,241,63.0,580000,"9206,35"
133.0,44.0,NANTES, RUE EMILE DUPLOYE,2021-01-01,1938,3,154,63.0,415000,"6587,30"
134.0,44.0,NANTES, AV DE L'ENGOULEVENT,2021-01-01,1990,3, ,63.0,245000,"3888,89"
135.0,44.0,NANTES, RUE EUGENE BARRAULT,2021-01-01,1958,4,517,64.0,290000,"4531,25"
136.0,44.0,NANTES, IMP FRABOULET,2021-01-01,1937,4,95,64.0,426000,"6656,25"
137.0,44.0,NANTES, RUE FRANCOIS BRUNEAU,2021-01-01,1938,3, ,64.0,300000,"4687,50"
138.0,44.0,NANTES, RUE FRANCOIS BRUNEAU,2021-01-01,1925,3, ,64.0,240000,"3750,00"
139.0,44.0,NANTES, RUE DU FRESCHE BLANC,2021-01-01,1958,3,436,65.0,300000,"4615,38"
140.0,44.0,NANTES, IMP HALGAN,2021-01-01,1920,4,119,65.0,455000,"7000,00"
141.0,44.0,NANTES, RUE JONCOURS,2021-01-01,1895,3,265,65.0,273000,"4200,00"
142.0,44.0,NANTES, RUE MAISDON PAJOT,2021-01-01,1900,4,132,62.0,458000,"7387,10"
143.0,44.0,NANTES, RUE DE LA PRIERE,2021-01-01,1936,4,217,62.0,335000,"5403,23"
144.0,44.0,NANTES, B RUE RENAN,2021-01-01,1900,3,143,62.0,468000,"7548,39"
145.0,44.0,ORVAULT, RUE DE LA CARRIERE,2021-01-01,1948,3,120,63.0,260000,"4126,98"
146.0,44.0,ORVAULT, RUE DES MARGUERITES,2021-01-01,1960,3,713,64.0,398690,"6229,53"
147.0,44.0,REZE, RUE CLOATRE,2021-01-01,1870,4,61,63.0,418500,"6642,86"
148.0,44.0,REZE, RUE DE LA COMMUNE DE ,2021-01-01,1940,3,42,65.0,260000,"4000,00"
149.0,44.0,REZE, RUE MADAME CURIE,2021-01-01,1936,3,316,64.0,310000,"4843,75"
150.0,44.0,REZE, AV DU MAL JOSEPH JOFFRE,2021-01-01,1936,3,202,64.0,345000,"5390,63"
151.0,44.0,REZE, RUE MAZUREAU,2021-01-01,1958,3,498,65.0,300000,"4615,38"
152.0,44.0,REZE, AV DES MONTS D AUVERGNE,2021-01-01,1959,4,445,65.0,272000,"4184,62"
153.0,44.0,REZE, AV DES MONTS D AUVERGNE,2021-01-01,1957,4,396,65.0,279000,"4292,31"
154.0,44.0,REZE, AV DES TREILLES,2021-01-01,1930,3,374,64.0,187000,"2921,88"
155.0,44.0,REZE, AV DES TREILLES,2021-01-01,1930,3,268,64.0,252000,"3937,50"
156.0,44.0,ST-HERBLAIN, AV DU DOCTEUR ROUX,2021-01-01,1950,3,315,65.0,275000,"4230,77"
157.0,44.0,ST-HERBLAIN, AV DU PARNASSE,2021-01-01,1962,4,319,65.0,300000,"4615,38"
158.0,44.0,ST SEBASTIEN SUR LOIRE, AV DU DOCTEUR PAUL MICHAUX,2021-01-01,1988,3,252,63.0,242000,"3841,27"
159.0,44.0,ST SEBASTIEN SUR LOIRE, RUE DE L OUCHE COLIN,2021-01-01,1970,3,458,63.0,373000,"5920,63"
160.0,44.0,ST SEBASTIEN SUR LOIRE, RUE DE LA PLUME,2021-01-01,1993,3,331,65.0,280000,"4307,69"
161.0,44.0,NANTES, CHE DE LA COLETRIE,2021-01-01,1975,4,358,67.0,248000,"3701,49"
162.0,44.0,NANTES, RUE DE LA CONTRIE,2021-01-01,1954,4,653,65.0,370000,"5692,31"
163.0,44.0,NANTES, RUE DU FRESCHE BLANC,2021-01-01,1958,3,436,65.0,300000,"4615,38"
164.0,44.0,NANTES, IMP HALGAN,2021-01-01,1920,4,119,65.0,455000,"7000,00"
165.0,44.0,NANTES, RUE JONCOURS,2021-01-01,1895,3,265,65.0,273000,"4200,00"
166.0,44.0,REZE, B RUE ALLAIN,2021-01-01,1945,3,57,66.0,250000,"3787,88"
167.0,44.0,REZE, IMP DE LA BLORDIERE,2021-01-01,1974,4,299,67.0,270000,"4029,85"
168.0,44.0,REZE, RUE DE LA COMMUNE DE ,2021-01-01,1940,3,42,65.0,260000,"4000,00"
169.0,44.0,REZE, B RUE EMILE BLANDIN,2021-01-01,1972,3, ,67.0,330000,"4925,37"
170.0,44.0,REZE, RUE HENRI FIOLLIN,2021-01-01,1964,4,300,66.0,280000,"4242,42"
171.0,44.0,REZE, RUE MAZUREAU,2021-01-01,1958,3,498,65.0,300000,"4615,38"
172.0,44.0,REZE, AV DES MONTS D AUVERGNE,2021-01-01,1959,4,445,65.0,272000,"4184,62"
173.0,44.0,REZE, AV DES MONTS D AUVERGNE,2021-01-01,1957,4,396,65.0,279000,"4292,31"
174.0,44.0,REZE, RUE PAULINE KERGOMARD,2021-01-01,2003,3, ,66.0,250000,"3787,88"
175.0,44.0,REZE, AV DES TREILLES,2021-01-01,1961,4,597,67.0,219604,"3277,67"
176.0,44.0,ST-HERBLAIN, RUE DE LA BLANCHE,2021-01-01,1955,3,1 482,67.0,278180,"4151,94"
177.0,44.0,ST-HERBLAIN, RUE BLANDINE,2021-01-01,1960,4, ,66.0,260000,"3939,39"
178.0,44.0,ST-HERBLAIN, RUE BLANDINE,2021-01-01,1960,4, ,66.0,217000,"3287,88"
179.0,44.0,ST-HERBLAIN, AV COURTELINE,2021-01-01,1930,3,187,67.0,200000,"2985,07"
180.0,44.0,ST-HERBLAIN, AV DU DOCTEUR ROUX,2021-01-01,1950,3,315,65.0,275000,"4230,77"
181.0,44.0,ST-HERBLAIN, RUE DES GAUDRIES,2021-01-01,1960,4, ,66.0,234000,"3545,45"
182.0,44.0,ST-HERBLAIN, AV DE LA LIBERTE,2021-01-01,1960,4,313,67.0,240000,"3582,09"
183.0,44.0,ST-HERBLAIN, AV DU PARNASSE,2021-01-01,1962,4,319,65.0,300000,"4615,38"
184.0,44.0,ST SEBASTIEN SUR LOIRE, RUE DU LARGEAU,2021-01-01,1952,3,398,66.0,245000,"3712,12"
185.0,44.0,ST SEBASTIEN SUR LOIRE, PL DES MUSES,2021-01-01,1989,4, ,66.0,242000,"3666,67"
186.0,44.0,ST SEBASTIEN SUR LOIRE, PL DES MUSES,2021-01-01,1989,4, ,66.0,210000,"3181,82"
187.0,44.0,ST SEBASTIEN SUR LOIRE, RUE DE LA PLUME,2021-01-01,1993,3,331,65.0,280000,"4307,69"
188.0,44.0,NANTES, CHE DE LA COLETRIE,2021-01-01,1975,4,358,67.0,248000,"3701,49"
189.0,44.0,NANTES, RUE ETIENNE DESTRANGES,2021-01-01,1960,4,327,68.0,330340,"4857,94"
190.0,44.0,NANTES, RUE DE FRIEDLAND,2021-01-01,1880,3,100,68.0,634000,"9323,53"
191.0,44.0,NANTES, RUE GABRIEL LUNEAU,2021-01-01,1880,4,148,68.0,355000,"5220,59"
192.0,44.0,NANTES, VEN GERTRUDE JEKYLL,2021-01-01,2011,3, ,68.0,225500,"3316,18"
193.0,44.0,NANTES, RUE DE L HERMITAGE,2021-01-01,1910,3,69,69.0,418500,"6065,22"
194.0,44.0,NANTES, RUE JULES MELINE,2021-01-01,1963,4,608,69.0,270000,"3913,04"
195.0,44.0,NANTES, RUE DES OEILLETS,2021-01-01,1931,3,231,69.0,260000,"3768,12"
196.0,44.0,NANTES, RUE DE LA PRODUCTION,2021-01-01,1956,3,139,69.0,530000,"7681,16"
197.0,44.0,NANTES, RTE DE RENNES,2021-01-01,1999,3, ,69.0,220000,"3188,41"
198.0,44.0,NANTES, RUE SGT BOBILLOT,2021-01-01,1888,3,396,69.0,580000,"8405,80"
199.0,44.0,NANTES, RUE DE THOIRY,2021-01-01,1930,3,312,69.0,363000,"5260,87"
200.0,44.0,REZE, IMP DE LA BLORDIERE,2021-01-01,1974,4,299,67.0,270000,"4029,85"
201.0,44.0,REZE, B RUE EMILE BLANDIN,2021-01-01,1972,3, ,67.0,330000,"4925,37"
202.0,44.0,REZE, RUE GUY LE LAN,2021-01-01,1900,4,620,68.0,275000,"4044,12"
203.0,44.0,REZE, RUE JEAN FRAIX,2021-01-01,1927,3,286,69.0,407000,"5898,55"
204.0,44.0,REZE, RUE MAURICE JOUAUD,2021-01-01,1954,3,647,68.0,355261,"5224,43"
205.0,44.0,REZE, RUE DU PETIT CHOISY,2021-01-01,1935,3,188,68.0,285000,"4191,18"
206.0,44.0,REZE, AV DES TREILLES,2021-01-01,1961,4,597,67.0,219604,"3277,67"
207.0,44.0,ST-HERBLAIN, AV DE BELLEVUE,2021-01-01,1950,3,407,69.0,360000,"5217,39"
208.0,44.0,ST-HERBLAIN, RUE DE LA BLANCHE,2021-01-01,1955,3,1 482,67.0,278180,"4151,94"
209.0,44.0,ST-HERBLAIN, AV COURTELINE,2021-01-01,1930,3,187,67.0,200000,"2985,07"
210.0,44.0,ST-HERBLAIN, IMP DES DATTIERS,2021-01-01,1972,4,171,68.0,260000,"3823,53"
211.0,44.0,ST-HERBLAIN, IMP DES FIGUIERS,2021-01-01,1987,3,264,69.0,277600,"4023,19"
212.0,44.0,ST-HERBLAIN, AV DE LA LIBERTE,2021-01-01,1960,4,313,67.0,240000,"3582,09"
213.0,44.0,ST-HERBLAIN, RUE DES MAGNOLIERS,2021-01-01,1971,4,226,68.0,320000,"4705,88"
214.0,44.0,NANTES, RUE BEETHOVEN,2021-01-01,1955,3,310,70.0,380000,"5428,57"
215.0,44.0,NANTES, RUE CHANOINE LAROSE,2021-01-01,1938,4,226,70.0,415000,"5928,57"
216.0,44.0,NANTES, B RUE EDGAR QUINET,2021-01-01,1956,3,131,71.0,280000,"3943,66"
217.0,44.0,NANTES, RUE D EPINAL,2021-01-01,1930,3,470,72.0,319050,"4431,25"
218.0,44.0,NANTES, RUE DE FLORIDE,2021-01-01,1929,3,261,70.0,200000,"2857,14"
219.0,44.0,NANTES, RUE DU FONTENY,2021-01-01,1951,4,264,70.0,375000,"5357,14"
220.0,44.0,NANTES, RUE DES FROMENTEAUX,2021-01-01,1960,4,173,71.0,300350,"4230,28"
221.0,44.0,NANTES, RUE GALILEE,2021-01-01,1928,3,105,70.0,455000,"6500,00"
222.0,44.0,NANTES, RUE GEORGES MEYNIEU,2021-01-01,1927,3,112,72.0,295000,"4097,22"
223.0,44.0,NANTES, IMP DE GOUPILLIERES,2021-01-01,2011,3,183,70.0,250000,"3571,43"
224.0,44.0,NANTES, RUE HENRI EUGENE GOUILLARD,2021-01-01,1957,4,319,71.0,345000,"4859,15"
225.0,44.0,NANTES, RUE DE L HERMITAGE,2021-01-01,1910,3,69,69.0,418500,"6065,22"
226.0,44.0,NANTES, RTE DE LA JONELIERE,2021-01-01,1920,3,299,69.0,161600,"2342,03"
227.0,44.0,NANTES, RUE JULES MELINE,2021-01-01,1963,4,608,69.0,270000,"3913,04"
228.0,44.0,NANTES, B AV MAURICE CLETRAS,2021-01-01,2016,4,218,70.0,326000,"4657,14"
229.0,44.0,NANTES, RUE DES OEILLETS,2021-01-01,1931,3,231,69.0,260000,"3768,12"
230.0,44.0,NANTES, RUE DES PAVILLONS,2021-01-01,1925,4,181,72.0,354000,"4916,67"
231.0,44.0,NANTES, AV PETIT BRETON,2021-01-01,1967,4,384,72.0,421620,"5855,83"
232.0,44.0,NANTES, RUE DE LA PRODUCTION,2021-01-01,1956,3,139,69.0,530000,"7681,16"
233.0,44.0,NANTES, RTE DE RENNES,2021-01-01,1999,3, ,69.0,220000,"3188,41"
234.0,44.0,NANTES, RUE DU SENAT,2021-01-01,1961,3,360,70.0,430000,"6142,86"
235.0,44.0,NANTES, RUE SGT BOBILLOT,2021-01-01,1888,3,396,69.0,580000,"8405,80"
236.0,44.0,NANTES, AV DE SMYRNE,2021-01-01,1959,3,216,70.0,306600,"4380,00"
237.0,44.0,NANTES, RUE DE THOIRY,2021-01-01,1930,3,312,69.0,363000,"5260,87"
238.0,44.0,NANTES, CHE DES USINES,2021-01-01,1987,4,409,70.0,530000,"7571,43"
239.0,44.0,ORVAULT, RUE DE L ATLANTIQUE,2021-01-01,1972,4,345,71.0,337687,"4756,15"
240.0,44.0,REZE, AV AUVINET,2021-01-01,2005,3,205,72.0,290000,"4027,78"
241.0,44.0,REZE, RUE ETIENNE LEMERLE,2021-01-01,1936,3,257,72.0,333000,"4625,00"
242.0,44.0,REZE, B RUE JEAN BAPTISTE VIGIER,2021-01-01,1920,3,335,70.0,230000,"3285,71"
243.0,44.0,REZE, RUE JEAN FRAIX,2021-01-01,1927,3,286,69.0,407000,"5898,55"
244.0,44.0,REZE, RUE PASCAL,2021-01-01,1800,4,53,70.0,385000,"5500,00"
245.0,44.0,REZE, RUE VALLIN,2021-01-01,1850,4,66,70.0,330000,"4714,29"
246.0,44.0,ST-HERBLAIN, AV DE BELLEVUE,2021-01-01,1950,3,407,69.0,360000,"5217,39"
247.0,44.0,ST-HERBLAIN, AV DU DOCTEUR LAENNEC,2021-01-01,1958,4,306,70.0,260000,"3714,29"
248.0,44.0,ST-HERBLAIN, IMP DES FIGUIERS,2021-01-01,1987,3,264,69.0,277600,"4023,19"
249.0,44.0,ST SEBASTIEN SUR LOIRE, RUE DE CHANTEPIE,2021-01-01,1978,4,430,70.0,300000,"4285,71"
250.0,44.0,ST SEBASTIEN SUR LOIRE, RUE FREDERIC CHOPIN,2021-01-01,1988,4, ,70.0,250000,"3571,43"
251.0,44.0,ST SEBASTIEN SUR LOIRE, RUE FREDERIC CHOPIN,2021-01-01,1988,4, ,70.0,233522,"3336,03"
252.0,44.0,ST SEBASTIEN SUR LOIRE, RUE JEAN BAPTISTE LULLI,2021-01-01,1988,4, ,70.0,260500,"3721,43"
253.0,44.0,ST SEBASTIEN SUR LOIRE, RUE JEAN PHILIPPE RAMEAU,2021-01-01,1988,4, ,70.0,260000,"3714,29"
254.0,44.0,BOUGUENAIS, B RUE JEAN MERMOZ,2021-01-01,1960,4,750,73.0,220000,"3013,70"
255.0,44.0,NANTES, AV DE L'ALCYON,2021-01-01,1989,4, ,73.0,250000,"3424,66"
256.0,44.0,NANTES, RUE AURELLE DE PALADINES,2021-01-01,1932,4, ,73.0,480000,"6575,34"
257.0,44.0,NANTES, BD BOULAY PATY,2021-01-01,1930,4,87,75.0,350000,"4666,67"
258.0,44.0,NANTES, RUE DU BRULIS,2021-01-01,1987,3,265,75.0,280000,"3733,33"
259.0,44.0,NANTES, AV CHARLES PAVID,2021-01-01,1987,4,2 961,73.0,298200,"4084,93"
260.0,44.0,NANTES, AV DE DELPHES,2021-01-01,1985,4, ,75.0,250000,"3333,33"
261.0,44.0,NANTES, BD DE DOULON,2021-01-01,1889,4,196,75.0,315000,"4200,00"
262.0,44.0,NANTES, RUE D EPINAL,2021-01-01,1930,3,470,72.0,319050,"4431,25"
263.0,44.0,NANTES, RUE ETIENNE HERVAIS,2021-01-01,1958,4,533,75.0,360000,"4800,00"
264.0,44.0,NANTES, AV DE L'ETOILE DE MER,2021-01-01,1989,4, ,73.0,294000,"4027,40"
265.0,44.0,NANTES, RUE FELIX FAURE,2021-01-01,1910,4,86,75.0,400000,"5333,33"
266.0,44.0,NANTES, RUE GEORGES MEYNIEU,2021-01-01,1927,3,112,72.0,295000,"4097,22"
267.0,44.0,NANTES, AV DE LA GIROFLEE,2021-01-01,1972,4,3 456,75.0,304250,"4056,67"
268.0,44.0,NANTES, IMP MADAME,2021-01-01,1935,3,116,75.0,467000,"6226,67"
269.0,44.0,NANTES, RUE DES PAVILLONS,2021-01-01,1925,4,181,72.0,354000,"4916,67"
270.0,44.0,NANTES, AV PETIT BRETON,2021-01-01,1967,4,384,72.0,421620,"5855,83"
271.0,44.0,NANTES, T CHE DES VIGNES DU BOURG,2021-01-01,1900,3,37,73.0,300000,"4109,59"
272.0,44.0,ORVAULT, RUE D ANJOU,2021-01-01,1958,4,295,74.0,315000,"4256,76"
273.0,44.0,ORVAULT, RUE D ANJOU,2021-01-01,1959,4,186,74.0,275000,"3716,22"
274.0,44.0,REZE, AV AUVINET,2021-01-01,2005,3,205,72.0,290000,"4027,78"
275.0,44.0,REZE, IMP DES COUTEAUX,2021-01-01,1967,4,265,74.0,295000,"3986,49"
276.0,44.0,REZE, RUE ETIENNE LEMERLE,2021-01-01,1936,3,257,72.0,333000,"4625,00"
277.0,44.0,REZE, PL DU PUITS,2021-01-01,1900,4,142,75.0,320000,"4266,67"
278.0,44.0,REZE, RES DU PARC,2021-01-01,1981,4,602,73.0,210000,"2876,71"
279.0,44.0,ST-HERBLAIN, AV DES ACACIAS,2021-01-01,1961,5,209,74.0,226000,"3054,05"
280.0,44.0,ST-HERBLAIN, AV DE BEAUSEJOUR,2021-01-01,1931,4,216,74.0,351638,"4751,86"
281.0,44.0,ST-HERBLAIN, AV DES TROENES,2021-01-01,1962,5,194,75.0,250000,"3333,33"
282.0,44.0,ST SEBASTIEN SUR LOIRE, RUE DES BOIS DES FAUX,2021-01-01,1963,5,435,73.0,255000,"3493,15"
283.0,44.0,ST SEBASTIEN SUR LOIRE, RUE DE LA LOURNEAU,2021-01-01,1971,5,847,75.0,310000,"4133,33"
284.0,44.0,ST SEBASTIEN SUR LOIRE, RUE DES LYS,2021-01-01,1972,4,421,73.0,270000,"3698,63"
285.0,44.0,ST SEBASTIEN SUR LOIRE, RUE DU PETIT ANJOU,2021-01-01,1959,4,383,75.0,250000,"3333,33"
286.0,44.0,VERTOU, RTE DE LA FONTENELLE,2021-01-01,1950,3,321,74.0,200000,"2702,70"
287.0,44.0,NANTES, BD BOULAY PATY,2021-01-01,1930,4,87,75.0,350000,"4666,67"
288.0,44.0,NANTES, RUE DU BRULIS,2021-01-01,1987,3,265,75.0,280000,"3733,33"
289.0,44.0,NANTES, AV DE DELPHES,2021-01-01,1985,4, ,75.0,250000,"3333,33"
290.0,44.0,NANTES, BD DE DOULON,2021-01-01,1889,4,196,75.0,315000,"4200,00"
291.0,44.0,NANTES, RUE DES EPIS,2021-01-01,1969,4,170,77.0,240000,"3116,88"
292.0,44.0,NANTES, RUE ETIENNE HERVAIS,2021-01-01,1958,4,533,75.0,360000,"4800,00"
293.0,44.0,NANTES, RUE FELIX FAURE,2021-01-01,1910,4,86,75.0,400000,"5333,33"
294.0,44.0,NANTES, RUE DES FLEURS,2021-01-01,1956,3,506,77.0,300000,"3896,10"
295.0,44.0,NANTES, RUE GALILEE,2021-01-01,1890,3,76,76.0,387000,"5092,11"
296.0,44.0,NANTES, AV DE LA GIROFLEE,2021-01-01,1972,4,3 456,75.0,304250,"4056,67"
297.0,44.0,NANTES, RUE DES GOBELETS,2021-01-01,1987,4, ,77.0,310000,"4025,97"
298.0,44.0,NANTES, IMP MADAME,2021-01-01,1935,3,116,75.0,467000,"6226,67"
299.0,44.0,NANTES, ALL VILLANOVA,2021-01-01,2007,4,188,77.0,237000,"3077,92"
300.0,44.0,ORVAULT, RUE DE LA PEPINIERE,2021-01-01,1954,4,412,76.0,227900,"2998,68"
301.0,44.0,REZE, RUE BARBARA,2021-01-01,2008,3, ,77.0,240000,"3116,88"
302.0,44.0,REZE, RUE BARBARA,2021-01-01,2008,3, ,77.0,235850,"3062,99"
303.0,44.0,REZE, B RUE DE L ERDRONNIERE,2021-01-01,1950,3,271,77.0,328000,"4259,74"
304.0,44.0,REZE, RUE JOSEPH ET LUCIEN LECLERC,2021-01-01,1880,3,527,77.0,285000,"3701,30"
305.0,44.0,REZE, PL DU PUITS,2021-01-01,1900,4,142,75.0,320000,"4266,67"
306.0,44.0,ST-HERBLAIN, AV DES ROUGES GORGES,2021-01-01,1965,4,382,76.0,350000,"4605,26"
307.0,44.0,ST-HERBLAIN, AV DES TROENES,2021-01-01,1962,5,194,75.0,250000,"3333,33"
308.0,44.0,ST SEBASTIEN SUR LOIRE, RUE DE GEVAUDAN,2021-01-01,1974,4,412,77.0,330000,"4285,71"
309.0,44.0,ST SEBASTIEN SUR LOIRE, RUE DE LA GRANDE LANDE,2021-01-01,1956,5,1 017,76.0,250000,"3289,47"
310.0,44.0,ST SEBASTIEN SUR LOIRE, RUE DE LA LOURNEAU,2021-01-01,1971,5,847,75.0,310000,"4133,33"
311.0,44.0,ST SEBASTIEN SUR LOIRE, RUE DU PETIT ANJOU,2021-01-01,1959,4,383,75.0,250000,"3333,33"
312.0,44.0,VERTOU, B RUE DU MOULIN,2021-01-01,2019,5,239,77.0,337093,"4377,83"
313.0,44.0,NANTES, RUE BOUGAINVILLE,2021-01-01,1900,5, ,78.0,240000,"3076,92"
314.0,44.0,NANTES, RUE DES BOURDONNIERES,2021-01-01,2002,4,192,79.0,338000,"4278,48"
315.0,44.0,NANTES, RUE DES CHALATRES,2021-01-01,1930,5,225,78.0,360000,"4615,38"
316.0,44.0,NANTES, RUE DES EPIS,2021-01-01,1969,4,170,77.0,240000,"3116,88"
317.0,44.0,NANTES, AV DE L'ETOILE DE MER,2021-01-01,1989,4, ,78.0,332000,"4256,41"
318.0,44.0,NANTES, RUE DES FLEURS,2021-01-01,1956,3,506,77.0,300000,"3896,10"
319.0,44.0,NANTES, B AV GERGAUD,2021-01-01,1995,3,273,79.0,435000,"5506,33"
320.0,44.0,NANTES, RUE DE LA GILARDERIE,2021-01-01,1964,3,462,79.0,425000,"5379,75"
321.0,44.0,NANTES, RUE DES GOBELETS,2021-01-01,1987,4, ,77.0,310000,"4025,97"
322.0,44.0,NANTES, VEN LOUIS GALLIEN,2021-01-01,2009,4, ,79.0,285000,"3607,59"
323.0,44.0,NANTES, ALL MATHIAS SANDORF,2021-01-01,1981,3, ,78.0,359000,"4602,56"
324.0,44.0,NANTES, ALL VILLANOVA,2021-01-01,2007,4,188,77.0,237000,"3077,92"
325.0,44.0,ORVAULT, RUE DES DAHLIAS,2021-01-01,1959,4,150,78.0,250000,"3205,13"
326.0,44.0,ORVAULT, B RUE DES HORTENSIAS,2021-01-01,1937,3,224,78.0,260000,"3333,33"
327.0,44.0,REZE, RUE BARBARA,2021-01-01,2008,3, ,77.0,240000,"3116,88"
328.0,44.0,REZE, RUE BARBARA,2021-01-01,2008,3, ,77.0,235850,"3062,99"
329.0,44.0,REZE, B RUE DE L ERDRONNIERE,2021-01-01,1950,3,271,77.0,328000,"4259,74"
330.0,44.0,REZE, RUE JOSEPH ET LUCIEN LECLERC,2021-01-01,1880,3,527,77.0,285000,"3701,30"
331.0,44.0,REZE, RUE MOREAU,2021-01-01,1900,4,62,78.0,425000,"5448,72"
332.0,44.0,REZE, RUE DU PELICAN,2021-01-01,1870,3,107,78.0,293300,"3760,26"
333.0,44.0,REZE, IMP DE LA SAUZAIE,2021-01-01,1985,4,347,79.0,267000,"3379,75"
334.0,44.0,ST-HERBLAIN, AV DE LA LIBERTE,2021-01-01,1958,4,419,79.0,320000,"4050,63"
335.0,44.0,ST SEBASTIEN SUR LOIRE, RUE BAPTISTE MARCET,2021-01-01,1989,3,455,78.0,314000,"4025,64"
336.0,44.0,ST SEBASTIEN SUR LOIRE, RUE DES CEDRES,2021-01-01,1975,4,497,78.0,253610,"3251,41"
337.0,44.0,ST SEBASTIEN SUR LOIRE, RUE DES CHARENTES,2021-01-01,1989,4, ,79.0,245000,"3101,27"
338.0,44.0,ST SEBASTIEN SUR LOIRE, B RUE DES DEPORTES,2021-01-01,1989,4, ,79.0,267000,"3379,75"
339.0,44.0,ST SEBASTIEN SUR LOIRE, RUE DE GEVAUDAN,2021-01-01,1974,4,412,77.0,330000,"4285,71"
340.0,44.0,VERTOU, B RUE DU MOULIN,2021-01-01,2019,5,239,77.0,337093,"4377,83"
341.0,44.0,NANTES, BD DES ANGLAIS,2021-01-01,1925,4,207,80.0,562000,"7025,00"
342.0,44.0,NANTES, B BD DES ANGLAIS,2021-01-01,1937,3,73,81.0,397000,"4901,23"
343.0,44.0,NANTES, AV BERANGER,2021-01-01,1900,3,397,80.0,430000,"5375,00"
344.0,44.0,NANTES, RUE DU BOIS HARDY,2021-01-01,1830,3,167,81.0,422000,"5209,88"
345.0,44.0,NANTES, RUE DES BOURDONNIERES,2021-01-01,2002,4,192,79.0,338000,"4278,48"
346.0,44.0,NANTES, RUE DE LA CAILLETTE,2021-01-01,1934,3,170,80.0,550000,"6875,00"
347.0,44.0,NANTES, RUE COLETTE BESSON,2021-01-01,2018,4,188,80.0,337000,"4212,50"
348.0,44.0,NANTES, RUE DE LA CONVENTION,2021-01-01,1890,3,173,81.0,370000,"4567,90"
349.0,44.0,NANTES, AV EUGENE HAREL,2021-01-01,1920,4,209,81.0,380000,"4691,36"
350.0,44.0,NANTES, BD DE LA FRATERNITE,2021-01-01,1940,6,350,80.0,650000,"8125,00"
351.0,44.0,NANTES, B AV GERGAUD,2021-01-01,1995,3,273,79.0,435000,"5506,33"
352.0,44.0,NANTES, RUE DE LA GILARDERIE,2021-01-01,1964,3,462,79.0,425000,"5379,75"
353.0,44.0,NANTES, RUE JEAN ROBIC,2021-01-01,1983,4,374,80.0,289455,"3618,19"
354.0,44.0,NANTES, RUE JULES MELINE,2021-01-01,1967,3,411,80.0,270000,"3375,00"
355.0,44.0,NANTES, AV DU LOING,2021-01-01,1988,4,7 993,81.0,399000,"4925,93"
356.0,44.0,NANTES, VEN LOUIS GALLIEN,2021-01-01,2009,4, ,79.0,285000,"3607,59"
357.0,44.0,NANTES, AV MAURICE CLETRAS,2021-01-01,1965,4,376,80.0,235000,"2937,50"
358.0,44.0,NANTES, RUE DU MILLAU,2021-01-01,1971,4,519,80.0,235000,"2937,50"
359.0,44.0,NANTES, AV DES OISEAUX,2021-01-01,1965,3,677,80.0,480000,"6000,00"
360.0,44.0,NANTES, RUE DE L OUCHE BURON,2021-01-01,1935,3,380,80.0,210000,"2625,00"
361.0,44.0,NANTES, RUE DES PAVILLONS,2021-01-01,1900,2,122,80.0,412362,"5154,53"
362.0,44.0,NANTES, AV DES PRELUDES,2021-01-01,1990,4, ,80.0,282465,"3530,81"
363.0,44.0,NANTES, AV DES PRELUDES,2021-01-01,1990,4, ,81.0,282000,"3481,48"
364.0,44.0,NANTES, AV DES PRELUDES,2021-01-01,1990,4, ,80.0,270000,"3375,00"
365.0,44.0,NANTES, AV DES PRELUDES,2021-01-01,1990,4, ,80.0,292000,"3650,00"
366.0,44.0,NANTES, RUE DES PRIMEVERES,2021-01-01,1939,4,86,80.0,322000,"4025,00"
367.0,44.0,REZE, RUE DES CHEVALIERS,2021-01-01,1905,5,244,80.0,350000,"4375,00"
368.0,44.0,REZE, AV I ET F JOLIOT CURIE,2021-01-01,1961,5,291,81.0,285000,"3518,52"
369.0,44.0,REZE, RUE MAURICE UTRILLO,2021-01-01,1956,4,493,80.0,300000,"3750,00"
370.0,44.0,REZE, IMP DE LA SAUZAIE,2021-01-01,1985,4,347,79.0,267000,"3379,75"
371.0,44.0,REZE, RUE DE LA VOLIERE,2021-01-01,1900,3,284,80.0,326387,"4079,84"
372.0,44.0,ST-HERBLAIN, AV DE L ATLANTIQUE,2021-01-01,1971,4,396,81.0,306000,"3777,78"
373.0,44.0,ST-HERBLAIN, AV DE LA LIBERTE,2021-01-01,1958,4,419,79.0,320000,"4050,63"
374.0,44.0,ST SEBASTIEN SUR LOIRE, RUE DES CHARENTES,2021-01-01,1989,4, ,79.0,245000,"3101,27"
375.0,44.0,ST SEBASTIEN SUR LOIRE, B RUE DES DEPORTES,2021-01-01,1989,4, ,79.0,267000,"3379,75"
376.0,44.0,ST SEBASTIEN SUR LOIRE, RUE DES FRESCHES,2021-01-01,1974,5,421,80.0,301000,"3762,50"
377.0,44.0,ST SEBASTIEN SUR LOIRE, RUE DE LA LIBERATION,2021-01-01,1939,3,682,81.0,350000,"4320,99"
378.0,44.0,ST SEBASTIEN SUR LOIRE, RUE DE QUEBEC,2021-01-01,1988,4, ,80.0,280000,"3500,00"
379.0,44.0,NANTES, B BD DES ANGLAIS,2021-01-01,1937,3,73,81.0,397000,"4901,23"
380.0,44.0,NANTES, RUE DU BOIS HARDY,2021-01-01,1830,3,167,81.0,422000,"5209,88"
381.0,44.0,NANTES, RUE DES BOURDERIES,2021-01-01,1910,4,456,82.0,270000,"3292,68"
382.0,44.0,NANTES, RUE DES CHATAIGNIERS,2021-01-01,1914,3,157,83.0,460000,"5542,17"
383.0,44.0,NANTES, B RUE CONDORCET,2021-01-01,1900,5,149,83.0,497500,"5993,98"
384.0,44.0,NANTES, RUE DE LA CONVENTION,2021-01-01,1890,3,173,81.0,370000,"4567,90"
385.0,44.0,NANTES, RUE DU CORPS DE GARDE,2021-01-01,1994,3,367,82.0,285150,"3477,44"
386.0,44.0,NANTES, AV EUGENE HAREL,2021-01-01,1920,4,209,81.0,380000,"4691,36"
387.0,44.0,NANTES, RUE DES GIRAUDAIS,2021-01-01,1900,3,105,82.0,345000,"4207,32"
388.0,44.0,NANTES, RUE JEAN ROBIC,2021-01-01,1983,4,193,82.0,352000,"4292,68"
389.0,44.0,NANTES, RUE JULIEN,2021-01-01,1927,4,91,82.0,428000,"5219,51"
390.0,44.0,NANTES, CHE DE LA LANDE ST JOSEPH,2021-01-01,1850,3,692,82.0,370000,"4512,20"
391.0,44.0,NANTES, AV DU LOING,2021-01-01,1988,4,7 993,81.0,399000,"4925,93"
392.0,44.0,NANTES, ALL MARYSE HILSZ,2021-01-01,2019,4, ,82.0,199000,"2426,83"
393.0,44.0,NANTES, AV DES PRELUDES,2021-01-01,1990,4, ,81.0,282000,"3481,48"
394.0,44.0,NANTES, AV DE LA TEINTURERIE FERRAND,2021-01-01,2020,4, ,83.0,219285,"2641,99"
395.0,44.0,NANTES, AV DE LA TEINTURERIE FERRAND,2021-01-01,2020,4, ,82.0,221265,"2698,35"
396.0,44.0,ORVAULT, RUE DES MARGUERITES,2021-01-01,2009,4,150,82.0,330000,"4024,39"
397.0,44.0,REZE, RUE DE LA CROIX MEDARD,2021-01-01,1957,5,451,82.0,293600,"3580,49"
398.0,44.0,REZE, RUE GEORGES BERTHOME,2021-01-01,1954,3,654,83.0,326500,"3933,73"
399.0,44.0,REZE, AV I ET F JOLIOT CURIE,2021-01-01,1961,5,291,81.0,285000,"3518,52"
400.0,44.0,REZE, RUE LOUIS SAMSON,2021-01-01,1870,5,70,82.0,400000,"4878,05"
401.0,44.0,ST-HERBLAIN, AV DE L ATLANTIQUE,2021-01-01,1971,4,396,81.0,306000,"3777,78"
402.0,44.0,ST SEBASTIEN SUR LOIRE, RUE DU CLOS TOREAU,2021-01-01,1930,3,183,83.0,340000,"4096,39"
403.0,44.0,ST SEBASTIEN SUR LOIRE, RUE DE LA LIBERATION,2021-01-01,1939,3,682,81.0,350000,"4320,99"
404.0,44.0,ST SEBASTIEN SUR LOIRE, RUE DE LA PYRAMIDE,2021-01-01,1995,4,355,83.0,320000,"3855,42"
405.0,44.0,VERTOU, B AV DES MARAICHERS,2021-01-01,2015,4,243,83.0,350000,"4216,87"
406.0,44.0,NANTES, RUE ALBERT CALMETTE,2021-01-01,1921,3,293,85.0,620000,"7294,12"
407.0,44.0,NANTES, RUE DU BOIS HARDY,2021-01-01,1955,3,538,84.0,350000,"4166,67"
408.0,44.0,NANTES, RUE DES CHATAIGNIERS,2021-01-01,1914,3,157,83.0,460000,"5542,17"
409.0,44.0,NANTES, B RUE CONDORCET,2021-01-01,1900,5,149,83.0,497500,"5993,98"
410.0,44.0,NANTES, RUE DE LA DURANTIERE,2021-01-01,1932,3,244,84.0,364500,"4339,29"
411.0,44.0,NANTES, RUE DU FONTENY,2021-01-01,1910,4,151,85.0,505000,"5941,18"
412.0,44.0,NANTES, RUE DES FRENES,2021-01-01,1991,5, ,85.0,340000,"4000,00"
413.0,44.0,NANTES, RUE DE GRILLAUD,2021-01-01,1830,4,224,85.0,559600,"6583,53"
414.0,44.0,NANTES, AV DES IRIS,2021-01-01,1988,4, ,84.0,300000,"3571,43"
415.0,44.0,NANTES, AV JULES VEDRINES,2021-01-01,1935,4,142,85.0,390000,"4588,24"
416.0,44.0,NANTES, IMP MODOT,2021-01-01,1900,5,140,85.0,440000,"5176,47"
417.0,44.0,NANTES, CHE DES REUNIS,2021-01-01,1900,4,111,85.0,372000,"4376,47"
418.0,44.0,NANTES, RTE DE ST HERBLAIN,2021-01-01,1870,3, ,84.0,293000,"3488,10"
419.0,44.0,NANTES, RTE DE ST SEBASTIEN,2021-01-01,1910,4,270,84.0,350000,"4166,67"
420.0,44.0,NANTES, AV DES SAULES,2021-01-01,1975,4,2 569,85.0,400000,"4705,88"
421.0,44.0,NANTES, AV DE LA TEINTURERIE FERRAND,2021-01-01,2020,4, ,83.0,219285,"2641,99"
422.0,44.0,NANTES, RUE DE THOIRY,2021-01-01,1890,5,180,84.0,350000,"4166,67"
423.0,44.0,NANTES, AV DES VESPREES,2021-01-01,1985,4, ,84.0,318988,"3797,48"
424.0,44.0,NANTES, B AV DES VESPREES,2021-01-01,2010,4,313,85.0,314000,"3694,12"
425.0,44.0,ORVAULT, RUE DES LILAS,2021-01-01,1953,3,172,84.0,316000,"3761,90"
426.0,44.0,ORVAULT, RUE DE LA MAISON NEUVE,2021-01-01,1993,3,468,84.0,325000,"3869,05"
427.0,44.0,ORVAULT, RUE DES ROSES,2021-01-01,2011,4,208,84.0,355000,"4226,19"
428.0,44.0,REZE, RUE DE LA COMMUNE DE ,2021-01-01,1925,4,432,85.0,428500,"5041,18"
429.0,44.0,REZE, RUE GEORGES BERTHOME,2021-01-01,1954,3,654,83.0,326500,"3933,73"
430.0,44.0,REZE, RUE MARION CAHOUR,2021-01-01,2017,4, ,85.0,295000,"3470,59"
431.0,44.0,REZE, RUE MARION CAHOUR,2021-01-01,2017,5, ,84.0,299000,"3559,52"
432.0,44.0,ST-HERBLAIN, B AV DE L EGLANTINE,2021-01-01,1929,3,198,84.0,288100,"3429,76"
433.0,44.0,ST-HERBLAIN, RUE GEORGES MANDEL,2021-01-01,1970,4,312,84.0,315000,"3750,00"
434.0,44.0,ST SEBASTIEN SUR LOIRE, RUE DU CLOS TOREAU,2021-01-01,1930,3,183,83.0,340000,"4096,39"
435.0,44.0,ST SEBASTIEN SUR LOIRE, RUE DU GENERAL DE GAULLE,2021-01-01,1969,4,800,84.0,321000,"3821,43"
436.0,44.0,ST SEBASTIEN SUR LOIRE, RUE DE LA PYRAMIDE,2021-01-01,1995,4,355,83.0,320000,"3855,42"
437.0,44.0,VERTOU, B AV DES MARAICHERS,2021-01-01,2015,4,243,83.0,350000,"4216,87"
438.0,44.0,BOUGUENAIS, RUE DES CABOTEURS,2021-01-01,1968,4,1 171,88.0,240000,"2727,27"
439.0,44.0,BOUGUENAIS, CHE DE L OUCHETTE,2021-01-01,1995,3,486,88.0,310000,"3522,73"
440.0,44.0,CHAPELLE-SUR-ERDRE (LA), ALL DU BOCAGE,2021-01-01,1978,5,258,88.0,249900,"2839,77"
441.0,44.0,NANTES, RUE ALBERT CALMETTE,2021-01-01,1921,3,293,85.0,620000,"7294,12"
442.0,44.0,NANTES, RUE BERNARD ROY,2021-01-01,1964,4,296,86.0,454000,"5279,07"
443.0,44.0,NANTES, B RUE DU BOIS FLEURI,2021-01-01,1987,3,713,87.0,341000,"3919,54"
444.0,44.0,NANTES, RUE CAMILLE FLAMMARION,2021-01-01,1927,5,174,88.0,485000,"5511,36"
445.0,44.0,NANTES, IMP CARASSIN,2021-01-01,2003,4,152,86.0,280000,"3255,81"
446.0,44.0,NANTES, PL CHARLES LECHAT,2021-01-01,1888,5,247,88.0,610000,"6931,82"
447.0,44.0,NANTES, RUE DE LA CHARREE,2021-01-01,1939,4,320,86.0,510000,"5930,23"
448.0,44.0,NANTES, B RUE CLEMENCE ROYER,2021-01-01,1986,6,194,88.0,652800,"7418,18"
449.0,44.0,NANTES, RUE DU FONTENY,2021-01-01,1910,4,151,85.0,505000,"5941,18"
450.0,44.0,NANTES, RUE DES FRENES,2021-01-01,1991,5, ,85.0,340000,"4000,00"
451.0,44.0,NANTES, RUE DE GRILLAUD,2021-01-01,1830,4,224,85.0,559600,"6583,53"
452.0,44.0,NANTES, AV JACQUES AUNEAU,2021-01-01,1933,4,110,86.0,382000,"4441,86"
453.0,44.0,NANTES, AV JACQUES PREVERT,2021-01-01,1981,5,425,88.0,275000,"3125,00"
454.0,44.0,NANTES, RUE JULES MELINE,2021-01-01,1999,4,330,88.0,287000,"3261,36"
455.0,44.0,NANTES, AV JULES VEDRINES,2021-01-01,1935,4,142,85.0,390000,"4588,24"
456.0,44.0,NANTES, RUE DU LANDREAU,2021-01-01,1880,6,120,87.0,333000,"3827,59"
457.0,44.0,NANTES, AV LOUIS LACHENAL,2021-01-01,1977,5,96,88.0,313182,"3558,89"
458.0,44.0,NANTES, AV LOUIS LOUCHEUR,2021-01-01,1952,5,213,88.0,310000,"3522,73"
459.0,44.0,NANTES, IMP MODOT,2021-01-01,1900,5,140,85.0,440000,"5176,47"
460.0,44.0,NANTES, AV DES ONDES,2021-01-01,1962,5,2 276,88.0,410000,"4659,09"
461.0,44.0,NANTES, RUE PAUL BERT,2021-01-01,1993,4,140,86.0,345000,"4011,63"
462.0,44.0,NANTES, CHE DES REUNIS,2021-01-01,1900,4,111,85.0,372000,"4376,47"
463.0,44.0,NANTES, AV DES SAULES,2021-01-01,1975,4,2 569,85.0,400000,"4705,88"
464.0,44.0,NANTES, RUE STEPHENSON,2021-01-01,1900,4,217,86.0,525000,"6104,65"
465.0,44.0,NANTES, B AV DES VESPREES,2021-01-01,2010,4,313,85.0,314000,"3694,12"
466.0,44.0,REZE, AV DES BERGERONNETTES,2021-01-01,1955,5,130,88.0,390000,"4431,82"
467.0,44.0,REZE, RUE DE LA COMMUNE DE ,2021-01-01,1925,4,432,85.0,428500,"5041,18"
468.0,44.0,REZE, B RUE FRANCOIS SORIN,2021-01-01,2019,5,147,88.0,335000,"3806,82"
469.0,44.0,REZE, RUE DE LA GALARNIERE,2021-01-01,2019,4, ,88.0,211900,"2407,95"
470.0,44.0,REZE, RUE DE LA GALARNIERE,2021-01-01,2019,4, ,88.0,206462,"2346,16"
471.0,44.0,REZE, RUE MARION CAHOUR,2021-01-01,2017,4, ,85.0,295000,"3470,59"
472.0,44.0,ST-HERBLAIN, RUE GASPARD MONGE,2021-01-01,1992,4,310,88.0,301000,"3420,45"
473.0,44.0,ST-HERBLAIN, AV DES PLANTES,2021-01-01,1960,4,348,88.0,300000,"3409,09"
474.0,44.0,ST SEBASTIEN SUR LOIRE, RUE DES GARENNES,2021-01-01,1973,5,717,87.0,395000,"4540,23"
475.0,44.0,ST SEBASTIEN SUR LOIRE, RUE DE LA PYRAMIDE,2021-01-01,1984,5,244,88.0,260000,"2954,55"
476.0,44.0,BOUGUENAIS, RUE DES CABOTEURS,2021-01-01,1968,4,1 171,88.0,240000,"2727,27"
477.0,44.0,BOUGUENAIS, CHE DE L OUCHETTE,2021-01-01,1995,3,486,88.0,310000,"3522,73"
478.0,44.0,CHAPELLE-SUR-ERDRE (LA), ALL DU BOCAGE,2021-01-01,1978,5,258,88.0,249900,"2839,77"
479.0,44.0,NANTES, T RUE DE LA BERAUDIERE,2021-01-01,1971,5,216,89.0,560000,"6292,13"
480.0,44.0,NANTES, RUE CAMILLE FLAMMARION,2021-01-01,1927,5,174,88.0,485000,"5511,36"
481.0,44.0,NANTES, PL CHARLES LECHAT,2021-01-01,1888,5,247,88.0,610000,"6931,82"
482.0,44.0,NANTES, B RUE CLEMENCE ROYER,2021-01-01,1986,6,194,88.0,652800,"7418,18"
483.0,44.0,NANTES, RUE DE L ENCHANTERIE,2021-01-01,1964,5,467,89.0,405000,"4550,56"
484.0,44.0,NANTES, AV JACQUES PREVERT,2021-01-01,1981,5,425,88.0,275000,"3125,00"
485.0,44.0,NANTES, RUE JULES MELINE,2021-01-01,1999,4,330,88.0,287000,"3261,36"
486.0,44.0,NANTES, AV LOUIS LACHENAL,2021-01-01,1977,5,96,88.0,313182,"3558,89"
487.0,44.0,NANTES, AV LOUIS LOUCHEUR,2021-01-01,1952,5,213,88.0,310000,"3522,73"
488.0,44.0,NANTES, AV DES ONDES,2021-01-01,1962,5,2 276,88.0,410000,"4659,09"
489.0,44.0,NANTES, AV DU PARADISIER,2021-01-01,1983,5,296,89.0,300000,"3370,79"
490.0,44.0,NANTES, IMP DE LA SYMPHONIE,2021-01-01,1987,5,373,89.0,390000,"4382,02"
491.0,44.0,REZE, AV DES BERGERONNETTES,2021-01-01,1955,5,130,88.0,390000,"4431,82"
492.0,44.0,REZE, RUE DU CHATEAU DE REZE,2021-01-01,1956,5,391,89.0,322560,"3624,27"
493.0,44.0,REZE, B RUE FRANCOIS SORIN,2021-01-01,2019,5,147,88.0,335000,"3806,82"
494.0,44.0,REZE, RUE DE LA GALARNIERE,2021-01-01,2019,4, ,88.0,211900,"2407,95"
495.0,44.0,REZE, RUE DE LA GALARNIERE,2021-01-01,2019,4, ,88.0,206462,"2346,16"
496.0,44.0,ST-HERBLAIN, RUE GASPARD MONGE,2021-01-01,1992,4,310,88.0,301000,"3420,45"
497.0,44.0,ST-HERBLAIN, AV DES PLANTES,2021-01-01,1960,4,348,88.0,300000,"3409,09"
498.0,44.0,ST SEBASTIEN SUR LOIRE, B RUE DE LA GIBRAYE,2021-01-01,1950,4,386,89.0,383570,"4309,78"
499.0,44.0,ST SEBASTIEN SUR LOIRE, RUE DE LA PYRAMIDE,2021-01-01,1984,5,244,88.0,260000,"2954,55"
500.0,44.0,NANTES, RUE A BARBE TORTE,2021-01-01,2001,4, ,90.0,420000,"4666,67"
501.0,44.0,NANTES, RUE A BARBE TORTE,2021-01-01,2001,4, ,90.0,400000,"4444,44"
502.0,44.0,NANTES, RUE ANDRE GABRIEL,2021-01-01,2011,6,113,90.0,420000,"4666,67"
503.0,44.0,NANTES, RUE AREGNAUDEAU,2021-01-01,1963,5,235,90.0,630000,"7000,00"
504.0,44.0,NANTES, AV ARMAND BOUVIER,2021-01-01,1930,3,184,90.0,447546,"4972,73"
505.0,44.0,NANTES, RUE D ARSONVAL,2021-01-01,1938,3,159,90.0,520000,"5777,78"
506.0,44.0,NANTES, RUE BEETHOVEN,2021-01-01,1933,4,166,90.0,525000,"5833,33"
507.0,44.0,NANTES, T RUE DE LA BERAUDIERE,2021-01-01,1971,5,216,89.0,560000,"6292,13"
508.0,44.0,NANTES, T AV BOURGAULT DUCOUDRAY,2021-01-01,1932,4,91,90.0,335000,"3722,22"
509.0,44.0,NANTES, RUE DE CHATEAULIN,2021-01-01,1920,5,141,90.0,510000,"5666,67"
510.0,44.0,NANTES, RUE COLUMELLE,2021-01-01,1920,4,90,90.0,520000,"5777,78"
511.0,44.0,NANTES, RUE DE L ENCHANTERIE,2021-01-01,1964,5,467,89.0,405000,"4550,56"
512.0,44.0,NANTES, AV DES HORTENSIAS,2021-01-01,1900,4,104,90.0,450000,"5000,00"
513.0,44.0,NANTES, RUE LT JEAN DE SESMAISONS,2021-01-01,1965,3,396,90.0,320000,"3555,56"
514.0,44.0,NANTES, RUE DE LA LUNE D'EAU,2021-01-01,2018,4,460,91.0,462135,"5078,41"
515.0,44.0,NANTES, AV MAURICE CLETRAS,2021-01-01,1963,4,438,90.0,215000,"2388,89"
516.0,44.0,NANTES, AV DU PARADISIER,2021-01-01,1983,5,296,89.0,300000,"3370,79"
517.0,44.0,NANTES, RUE DES PAVILLONS,2021-01-01,1900,5,125,91.0,355000,"3901,10"
518.0,44.0,NANTES, IMP DE LA SYMPHONIE,2021-01-01,1987,5,373,89.0,390000,"4382,02"
519.0,44.0,REZE, RUE DE LA BASSE ILE,2021-01-01,1850,4,1 175,90.0,250000,"2777,78"
520.0,44.0,REZE, RUE DU CHATEAU DE REZE,2021-01-01,1956,5,391,89.0,322560,"3624,27"
521.0,44.0,REZE, RUE DE LA CHESNAIE,2021-01-01,1966,5,495,91.0,290000,"3186,81"
522.0,44.0,REZE, RUE DE LA COMMUNE DE ,2021-01-01,1900,4,78,91.0,273000,"3000,00"
523.0,44.0,REZE, RUE JEAN BAPTISTE HAMON,2021-01-01,1963,4,489,90.0,320000,"3555,56"
524.0,44.0,REZE, B ALL DU PARC DES MAHAUDIERES,2021-01-01,2010,4,300,91.0,285000,"3131,87"
525.0,44.0,REZE, IMP DES PELOUEES,2021-01-01,1986,5,333,91.0,340000,"3736,26"
526.0,44.0,REZE, RUE DES PICTONS,2021-01-01,1988,4,156,90.0,288500,"3205,56"
527.0,44.0,ST SEBASTIEN SUR LOIRE, RUE ALEXANDRE FOURNY,2021-01-01,1935,3,309,90.0,410000,"4555,56"
528.0,44.0,ST SEBASTIEN SUR LOIRE, RUE DU CLOS TOREAU,2021-01-01,1954,5,294,90.0,390500,"4338,89"
529.0,44.0,ST SEBASTIEN SUR LOIRE, CHE DU COLOMBAGE,2021-01-01,1850,4,117,91.0,360000,"3956,04"
530.0,44.0,ST SEBASTIEN SUR LOIRE, RUE ELISA MERCOEUR,2021-01-01,1955,4,303,91.0,392000,"4307,69"
531.0,44.0,ST SEBASTIEN SUR LOIRE, B RUE DE LA GIBRAYE,2021-01-01,1950,4,386,89.0,383570,"4309,78"
532.0,44.0,ST SEBASTIEN SUR LOIRE, RUE DE L OUCHE COLIN,2021-01-01,1936,6,1 154,90.0,560000,"6222,22"
533.0,44.0,ST SEBASTIEN SUR LOIRE, RUE DE LA PYRAMIDE,2021-01-01,1986,5,234,91.0,315000,"3461,54"
534.0,44.0,NANTES, RUE DE L AVENIR,2021-01-01,2013,4,148,92.0,410000,"4456,52"
535.0,44.0,NANTES, RTE DE CLISSON,2021-01-01,1850,4,1 190,93.0,428450,"4606,99"
536.0,44.0,NANTES, RUE CDT HENRI VIOT,2021-01-01,1963,3,288,92.0,645000,"7010,87"
537.0,44.0,NANTES, PL EILEEN GRAY,2021-01-01,2011,4, ,93.0,315000,"3387,10"
538.0,44.0,NANTES, RUE DU GOIS,2021-01-01,1979,3,255,92.0,596025,"6478,53"
539.0,44.0,NANTES, RUE GUIBAL,2021-01-01,1890,4,82,92.0,280000,"3043,48"
540.0,44.0,NANTES, AV JACQUES AUNEAU,2021-01-01,1922,4,212,92.0,475000,"5163,04"
541.0,44.0,NANTES, RUE JACQUES CHAMBON,2021-01-01,1949,4,214,92.0,505000,"5489,13"
542.0,44.0,NANTES, AV JEANNE JUGAN,2021-01-01,1935,3,446,92.0,480000,"5217,39"
543.0,44.0,NANTES, RUE DE LA LUNE D'EAU,2021-01-01,2018,4,460,91.0,462135,"5078,41"
544.0,44.0,NANTES, RUE DE LA MELINIERE,2021-01-01,1939,3,163,92.0,500000,"5434,78"
545.0,44.0,NANTES, RUE DES PAVILLONS,2021-01-01,1900,5,125,91.0,355000,"3901,10"
546.0,44.0,NANTES, B RUE DE LA RIPOSSIERE,2021-01-01,2011,4,227,93.0,360000,"3870,97"
547.0,44.0,NANTES, B RUE DE LA RIPOSSIERE,2021-01-01,2011,4,230,93.0,383000,"4118,28"
548.0,44.0,REZE, RUE ALEXANDRE HUCHON,2021-01-01,1961,5,272,93.0,330262,"3551,21"
549.0,44.0,REZE, RUE DE LA CHESNAIE,2021-01-01,1966,5,495,91.0,290000,"3186,81"
550.0,44.0,REZE, RUE DE LA COMMUNE DE ,2021-01-01,1900,4,78,91.0,273000,"3000,00"
551.0,44.0,REZE, RUE DU DOCTEUR NOGUES,2021-01-01,1900,4,395,92.0,365000,"3967,39"
552.0,44.0,REZE, RUE MAURICE LAGATHU,2021-01-01,1929,4,439,92.0,315000,"3423,91"
553.0,44.0,REZE, B ALL DU PARC DES MAHAUDIERES,2021-01-01,2010,4,300,91.0,285000,"3131,87"
554.0,44.0,REZE, IMP DES PELOUEES,2021-01-01,1986,5,333,91.0,340000,"3736,26"
555.0,44.0,ST-HERBLAIN, RUE EMILE ZOLA,2021-01-01,1979,6,350,93.0,300000,"3225,81"
556.0,44.0,ST SEBASTIEN SUR LOIRE, RUE DE LA BAUGERIE,2021-01-01,1987,4,531,93.0,348533,"3747,66"
557.0,44.0,ST SEBASTIEN SUR LOIRE, CHE DU COLOMBAGE,2021-01-01,1850,4,117,91.0,360000,"3956,04"
558.0,44.0,ST SEBASTIEN SUR LOIRE, RUE ELISA MERCOEUR,2021-01-01,1955,4,303,91.0,392000,"4307,69"
559.0,44.0,ST SEBASTIEN SUR LOIRE, RUE MAURICE DANIEL,2021-01-01,1928,4,506,92.0,555000,"6032,61"
560.0,44.0,ST SEBASTIEN SUR LOIRE, RUE DE LA PYRAMIDE,2021-01-01,1986,5,234,91.0,315000,"3461,54"
561.0,44.0,BOUGUENAIS, RUE MARYSE BASTIE,2021-01-01,1966,5,450,95.0,280000,"2947,37"
562.0,44.0,BOUGUENAIS, RUE PASTEUR,2021-01-01,1953,4,684,95.0,420000,"4421,05"
563.0,44.0,NANTES, RUE BRANLY,2021-01-01,1934,4,170,95.0,400000,"4210,53"
564.0,44.0,NANTES, IMP CARRIERE DE VILLENEUVE,2021-01-01,2018,5,170,95.0,510000,"5368,42"
565.0,44.0,NANTES, RTE DE CLISSON,2021-01-01,1850,4,1 190,93.0,428450,"4606,99"
566.0,44.0,NANTES, B BD DE L EGALITE,2021-01-01,1920,4,79,95.0,382000,"4021,05"
567.0,44.0,NANTES, PL EILEEN GRAY,2021-01-01,2011,4, ,93.0,315000,"3387,10"
568.0,44.0,NANTES, AV GILBERT BAUDUZ,2021-01-01,1900,4,164,95.0,540000,"5684,21"
569.0,44.0,NANTES, RUE JEAN BOUIN,2021-01-01,1961,5,272,95.0,380000,"4000,00"
570.0,44.0,NANTES, RTE DE LA JONELIERE,2021-01-01,1900,3,93,95.0,322570,"3395,47"
571.0,44.0,NANTES, BD JULES VERNE,2021-01-01,2000,5, ,95.0,230100,"2422,11"
572.0,44.0,NANTES, ALL MATHIAS SANDORF,2021-01-01,1981,4, ,94.0,396500,"4218,09"
573.0,44.0,NANTES, RUE DE LA METHODE,2021-01-01,1924,4,224,94.0,434620,"4623,62"
574.0,44.0,NANTES, RUE DE LA METHODE,2021-01-01,1925,4,174,95.0,550000,"5789,47"
575.0,44.0,NANTES, AV DE LA MUSTAUDIERE,2021-01-01,1972,4,512,95.0,320000,"3368,42"
576.0,44.0,NANTES, RUE DE LA PAPOTIERE,2021-01-01,1976,5,655,95.0,635000,"6684,21"
577.0,44.0,NANTES, B RUE DE LA RIPOSSIERE,2021-01-01,2011,4,227,93.0,360000,"3870,97"
578.0,44.0,NANTES, B RUE DE LA RIPOSSIERE,2021-01-01,2011,4,230,93.0,383000,"4118,28"
579.0,44.0,NANTES, RUE DES SIX AQUEDUCS,2021-01-01,1983,4,245,94.0,500000,"5319,15"
580.0,44.0,NANTES, RUE STENDHAL,2021-01-01,1937,6,417,94.0,479000,"5095,74"
581.0,44.0,ORVAULT, RUE DES BOUTONS D OR,2021-01-01,1999,6,174,94.0,340000,"3617,02"
582.0,44.0,REZE, RUE ALEXANDRE HUCHON,2021-01-01,1961,5,272,93.0,330262,"3551,21"
583.0,44.0,REZE, RUE FELICIEN THOMAZEAU,2021-01-01,1900,4,357,95.0,320000,"3368,42"
584.0,44.0,ST-HERBLAIN, AV DE LA BARAUDIERE,2021-01-01,2020,6,152,94.0,404096,"4298,89"
585.0,44.0,ST-HERBLAIN, RUE EMILE ZOLA,2021-01-01,1979,6,350,93.0,300000,"3225,81"
586.0,44.0,ST-HERBLAIN, RUE DE LA GAROTTERIE,2021-01-01,1972,4,387,95.0,288000,"3031,58"
587.0,44.0,ST-HERBLAIN, RUE MICHEL DELALANDE,2021-01-01,1972,4,398,95.0,278000,"2926,32"
588.0,44.0,ST SEBASTIEN SUR LOIRE, RUE DE LA BAUGERIE,2021-01-01,1987,4,531,93.0,348533,"3747,66"
589.0,44.0,ST SEBASTIEN SUR LOIRE, RUE DES CORBIERES,2021-01-01,1974,5,435,95.0,350273,"3687,08"
590.0,44.0,ST SEBASTIEN SUR LOIRE, RUE DE LA CROIX SOURDEAU,2021-01-01,1976,5,1 118,95.0,300000,"3157,89"
591.0,44.0,BOUGUENAIS, RUE MARYSE BASTIE,2021-01-01,1966,5,450,95.0,280000,"2947,37"
592.0,44.0,BOUGUENAIS, RUE PASTEUR,2021-01-01,1953,4,684,95.0,420000,"4421,05"
593.0,44.0,NANTES, AV DES ANTILOPES,2021-01-01,1990,6,469,97.0,416000,"4288,66"
594.0,44.0,NANTES, RUE DU BOIS HARDY,2021-01-01,1963,4,394,97.0,543854,"5606,74"
595.0,44.0,NANTES, RUE BRANLY,2021-01-01,1934,4,170,95.0,400000,"4210,53"
596.0,44.0,NANTES, IMP CARRIERE DE VILLENEUVE,2021-01-01,2018,5,170,95.0,510000,"5368,42"
597.0,44.0,NANTES, B BD DE L EGALITE,2021-01-01,1920,4,79,95.0,382000,"4021,05"
598.0,44.0,NANTES, BD DE LA FRATERNITE,2021-01-01,1952,4,242,96.0,335000,"3489,58"
599.0,44.0,NANTES, AV GILBERT BAUDUZ,2021-01-01,1900,4,164,95.0,540000,"5684,21"
600.0,44.0,NANTES, RUE JEAN BOUIN,2021-01-01,1961,5,272,95.0,380000,"4000,00"
601.0,44.0,NANTES, RTE DE LA JONELIERE,2021-01-01,1900,3,93,95.0,322570,"3395,47"
602.0,44.0,NANTES, BD JULES VERNE,2021-01-01,2000,5, ,95.0,230100,"2422,11"
603.0,44.0,NANTES, BD DE LONGCHAMP,2021-01-01,1932,5,343,96.0,575000,"5989,58"
604.0,44.0,NANTES, RUE DE LA METHODE,2021-01-01,1925,4,174,95.0,550000,"5789,47"
605.0,44.0,NANTES, AV DE LA MUSTAUDIERE,2021-01-01,1972,4,512,95.0,320000,"3368,42"
606.0,44.0,NANTES, RUE DE LA PAPOTIERE,2021-01-01,1976,5,655,95.0,635000,"6684,21"
607.0,44.0,NANTES, B AV DU PETIT HERMITAGE,2021-01-01,1850,3,141,97.0,550000,"5670,10"
608.0,44.0,NANTES, RUE DE PLOERMEL,2021-01-01,1989,5,195,96.0,410000,"4270,83"
609.0,44.0,NANTES, BD DES POILUS,2021-01-01,1953,6,194,96.0,485000,"5052,08"
610.0,44.0,NANTES, RUE DES TULIPES,2021-01-01,1970,5,377,97.0,369400,"3808,25"
611.0,44.0,ORVAULT, RUE DE LA CLAIRE FONTAINE,2021-01-01,1969,5,445,97.0,371000,"3824,74"
612.0,44.0,REZE, RUE FELICIEN THOMAZEAU,2021-01-01,1900,4,357,95.0,320000,"3368,42"
613.0,44.0,REZE, RUE DE LA PAIX,2021-01-01,1929,4,360,97.0,395123,"4073,43"
614.0,44.0,REZE, RUE PIERRE LHERMITTE,2021-01-01,1900,4,74,96.0,418500,"4359,38"
615.0,44.0,ST-HERBLAIN, B AV DE L EGLANTINE,2021-01-01,1961,4,300,97.0,370000,"3814,43"
616.0,44.0,ST-HERBLAIN, RUE DE LA GAROTTERIE,2021-01-01,1972,4,387,95.0,288000,"3031,58"
617.0,44.0,ST-HERBLAIN, RUE MICHEL DELALANDE,2021-01-01,1972,4,398,95.0,278000,"2926,32"
618.0,44.0,ST SEBASTIEN SUR LOIRE, RUE DES CORBIERES,2021-01-01,1974,5,435,95.0,350273,"3687,08"
619.0,44.0,ST SEBASTIEN SUR LOIRE, RUE DE LA CROIX SOURDEAU,2021-01-01,1976,5,1 118,95.0,300000,"3157,89"
620.0,44.0,ST SEBASTIEN SUR LOIRE, RUE DES DEPORTES,2021-01-01,1957,4,491,96.0,300000,"3125,00"
621.0,44.0,ST SEBASTIEN SUR LOIRE, RUE DE QUERCY,2021-01-01,1978,5,3 363,96.0,324000,"3375,00"
622.0,44.0,ST SEBASTIEN SUR LOIRE, RUE THOMAS MAISONNEUVE,2021-01-01,1975,4,740,96.0,400000,"4166,67"
623.0,44.0,NANTES, RUE ALPHONSE KARR,2021-01-01,1930,5,133,100.0,648176,"6481,76"
624.0,44.0,NANTES, RUE BAPTISTE MARCET,2021-01-01,1930,5,320,98.0,270000,"2755,10"
625.0,44.0,NANTES, AV DES CLAVECINS,2021-01-01,1984,5,273,99.0,355000,"3585,86"
626.0,44.0,NANTES, AV EUGENE SUE,2021-01-01,1981,5,168,99.0,442280,"4467,47"
627.0,44.0,NANTES, AV DE LA FORET,2021-01-01,1935,5,603,100.0,410000,"4100,00"
628.0,44.0,NANTES, RUE JEAN BOUIN,2021-01-01,1935,6,389,98.0,390000,"3979,59"
629.0,44.0,NANTES, AV DU LOING,2021-01-01,1985,6,8 213,100.0,350000,"3500,00"
630.0,44.0,NANTES, RUE MAURICE BARRES,2021-01-01,1957,4,283,100.0,270000,"2700,00"
631.0,44.0,NANTES, RUE DU PLESSIS DE GRENEDAN,2021-01-01,1925,4,151,98.0,680000,"6938,78"
632.0,44.0,NANTES, AV RENE JALAIS,2021-01-01,1975,5,480,98.0,364000,"3714,29"
633.0,44.0,NANTES, RUE STUART,2021-01-01,1972,5,274,98.0,415000,"4234,69"
634.0,44.0,NANTES, RUE VIDIE,2021-01-01,1956,6,166,98.0,625000,"6377,55"
635.0,44.0,ORVAULT, AV DE LA FERRIERE,2021-01-01,1964,4,931,99.0,460000,"4646,46"
636.0,44.0,REZE, RUE DE LA COMMUNE DE ,2021-01-01,1900,7,460,100.0,468000,"4680,00"
637.0,44.0,REZE, RUE EMILE ZOLA,2021-01-01,1952,5,356,99.0,385000,"3888,89"
638.0,44.0,REZE, RUE FRANCOIS BONAMY,2021-01-01,1938,4,120,100.0,420000,"4200,00"
639.0,44.0,REZE, RUE FRANCOIS BONAMY,2021-01-01,1938,4,120,100.0,320000,"3200,00"
640.0,44.0,ST-HERBLAIN, AV DE L EGLANTINE,2021-01-01,2019,4,151,100.0,400000,"4000,00"
641.0,44.0,ST-HERBLAIN, AV DES GRANDS BOIS,2021-01-01,1968,4,590,100.0,397000,"3970,00"
642.0,44.0,ST-HERBLAIN, IMP JULES ROMAIN,2021-01-01,1979,6,472,98.0,285000,"2908,16"
643.0,44.0,ST SEBASTIEN SUR LOIRE, RUE DES COUCOUS,2021-01-01,1994,5, ,98.0,349000,"3561,22"
644.0,44.0,ST SEBASTIEN SUR LOIRE, AV DU DOCTEUR PAUL MICHAUX,2021-01-01,1975,5,461,98.0,330100,"3368,37"
645.0,44.0,VERTOU, AV DU CLOS CAMBERGER,2021-01-01,1978,5,500,100.0,356450,"3564,50"
646.0,44.0,NANTES, RUE ALPHONSE KARR,2021-01-01,1930,5,133,100.0,648176,"6481,76"
647.0,44.0,NANTES, RUE FERDINAND BUISSON,2021-01-01,1880,5,104,102.0,411000,"4029,41"
648.0,44.0,NANTES, AV DE LA FORET,2021-01-01,1935,5,603,100.0,410000,"4100,00"
649.0,44.0,NANTES, AV DE GALICE,2021-01-01,2001,5,164,101.0,332000,"3287,13"
650.0,44.0,NANTES,RTE DE LA JONELIERE,2021-01-01,1967,4,643,102.0,394268,"3865,37"
651.0,44.0,NANTES, AV DU LOING,2021-01-01,1985,6,8 213,100.0,350000,"3500,00"
652.0,44.0,NANTES, RUE MAURICE BARRES,2021-01-01,1957,4,283,100.0,270000,"2700,00"
653.0,44.0,NANTES, RUE PAUL DELAROCHE,2021-01-01,1955,5,492,102.0,270000,"2647,06"
654.0,44.0,NANTES, RUE DES PAVILLONS,2021-01-01,1952,2,159,102.0,460000,"4509,80"
655.0,44.0,NANTES, RTE DE RENNES,2021-01-01,1900,4,114,100.0,200000,"2000,00"
656.0,44.0,NANTES, AV ST GEORGES,2021-01-01,1900,3,511,102.0,667000,"6539,22"
657.0,44.0,NANTES, RUE DE LA VILLE EN PIERRE,2021-01-01,1936,5,249,102.0,524553,"5142,68"
658.0,44.0,REZE, RUE DE LA COMMUNE DE ,2021-01-01,1900,7,460,100.0,468000,"4680,00"
659.0,44.0,REZE, RUE FRANCOIS BONAMY,2021-01-01,1938,4,120,100.0,420000,"4200,00"
660.0,44.0,REZE, RUE FRANCOIS BONAMY,2021-01-01,1938,4,120,100.0,320000,"3200,00"
661.0,44.0,ST-HERBLAIN, AV DE CHEVERNY,2021-01-01,1964,6,406,101.0,292500,"2896,04"
662.0,44.0,ST-HERBLAIN, AV DE L EGLANTINE,2021-01-01,2019,4,151,100.0,400000,"4000,00"
663.0,44.0,ST-HERBLAIN, AV DES GRANDS BOIS,2021-01-01,1968,4,590,100.0,397000,"3970,00"
664.0,44.0,ST SEBASTIEN SUR LOIRE, RUE DES CHENES,2021-01-01,1925,5,276,102.0,375000,"3676,47"
665.0,44.0,ST SEBASTIEN SUR LOIRE, RUE DE LA PYRAMIDE,2021-01-01,1965,4,612,102.0,440000,"4313,73"
666.0,44.0,VERTOU, AV DU CLOS CAMBERGER,2021-01-01,1978,5,500,100.0,356450,"3564,50"
667.0,44.0,NANTES, AV DES ALPAGAS,2021-01-01,1989,6,373,104.0,460000,"4423,08"
668.0,44.0,NANTES, CHE DE LA BOUCARDIERE,2021-01-01,1927,3,365,105.0,501000,"4771,43"
669.0,44.0,NANTES, RUE CARDINAL RICHARD,2021-01-01,1926,5,102,105.0,485000,"4619,05"
670.0,44.0,NANTES, RUE DU CROISSANT,2021-01-01,1925,6,679,103.0,630000,"6116,50"
671.0,44.0,NANTES, RUE DESIRE COLOMBE,2021-01-01,1920,3, ,105.0,452000,"4304,76"
672.0,44.0,NANTES, RUE FERDINAND BUISSON,2021-01-01,1880,5,104,102.0,411000,"4029,41"
673.0,44.0,NANTES, RUE DES FOLIES CHAILLOU,2021-01-01,1959,4,185,105.0,478800,"4560,00"
674.0,44.0,NANTES, AV DE LA GARE DE ST JOSEPH,2021-01-01,1958,6,720,105.0,318500,"3033,33"
675.0,44.0,NANTES, AV DE LA GARE DE ST JOSEPH,2021-01-01,1930,5,170,104.0,308000,"2961,54"
676.0,44.0,NANTES, AV JACQUES LAMBERT,2021-01-01,1925,4,373,104.0,475000,"4567,31"
677.0,44.0,NANTES,RTE DE LA JONELIERE,2021-01-01,1967,4,643,102.0,394268,"3865,37"
678.0,44.0,NANTES, RUE JULES MELINE,2021-01-01,1994,5, ,105.0,230000,"2190,48"
679.0,44.0,NANTES, AV DES LAURIERS,2021-01-01,1934,5,167,104.0,390000,"3750,00"
680.0,44.0,NANTES, AV DE LUSANCAY,2021-01-01,1910,5,433,103.0,675000,"6553,40"
681.0,44.0,NANTES, BD MICHELET,2021-01-01,1939,4,360,104.0,480000,"4615,38"
682.0,44.0,NANTES, RUE PAUL DELAROCHE,2021-01-01,1955,5,492,102.0,270000,"2647,06"
683.0,44.0,NANTES, RUE DES PAVILLONS,2021-01-01,1952,2,159,102.0,460000,"4509,80"
684.0,44.0,NANTES, RUE PROFESSEUR DUBUISSON,2021-01-01,1969,6,397,105.0,669000,"6371,43"
685.0,44.0,NANTES, CHE DES PROPRIETAIRES,2021-01-01,1800,4,118,105.0,632000,"6019,05"
686.0,44.0,NANTES, RUE RAOUL DUFY,2021-01-01,1956,2,335,105.0,442000,"4209,52"
687.0,44.0,NANTES, AV ST GEORGES,2021-01-01,1900,3,511,102.0,667000,"6539,22"
688.0,44.0,NANTES, RUE VILLEBOIS MAREUIL,2021-01-01,1922,5,277,105.0,705000,"6714,29"
689.0,44.0,NANTES, RUE DE LA VILLE EN PIERRE,2021-01-01,1936,5,249,102.0,524553,"5142,68"
690.0,44.0,ORVAULT, AV FELIX VINCENT,2021-01-01,1930,5,313,105.0,488000,"4647,62"
691.0,44.0,ORVAULT, AV DE LA JEUNESSE,2021-01-01,1979,4,1 196,103.0,400000,"3883,50"
692.0,44.0,REZE, GRAND RUE,2021-01-01,1926,4,48,104.0,440000,"4230,77"
693.0,44.0,ST-HERBLAIN, AV D AMBOISE,2021-01-01,1958,4,322,103.0,300000,"2912,62"
694.0,44.0,ST-HERBLAIN, AV DU DOCTEUR RAPPIN,2021-01-01,1930,5,313,104.0,420000,"4038,46"
695.0,44.0,ST SEBASTIEN SUR LOIRE, RUE DES BLEUETS,2021-01-01,1974,6,633,104.0,331300,"3185,58"
696.0,44.0,ST SEBASTIEN SUR LOIRE, RUE DES CHENES,2021-01-01,1925,5,276,102.0,375000,"3676,47"
697.0,44.0,ST SEBASTIEN SUR LOIRE, RUE COSTES ET BELLONTE,2021-01-01,1989,3,542,105.0,290000,"2761,90"
698.0,44.0,ST SEBASTIEN SUR LOIRE, RUE DE LA GENETIERE,2021-01-01,1954,5,318,104.0,365000,"3509,62"
699.0,44.0,ST SEBASTIEN SUR LOIRE, RUE DE LA PYRAMIDE,2021-01-01,1965,4,612,102.0,440000,"4313,73"
700.0,44.0,ST SEBASTIEN SUR LOIRE, RUE DES ROSES,2021-01-01,1956,5,291,104.0,431000,"4144,23"
701.0,44.0,VERTOU, RUE EMILE PINEAU,2021-01-01,1900,4,409,105.0,355000,"3380,95"
702.0,44.0,NANTES, CHE DE LA BOUCARDIERE,2021-01-01,1927,3,365,105.0,501000,"4771,43"
703.0,44.0,NANTES, RUE CARDINAL RICHARD,2021-01-01,1926,5,102,105.0,485000,"4619,05"
704.0,44.0,NANTES, RUE DES CHARMILLES,2021-01-01,1930,6,198,107.0,480000,"4485,98"
705.0,44.0,NANTES, RUE DESIRE COLOMBE,2021-01-01,1920,3, ,105.0,452000,"4304,76"
706.0,44.0,NANTES, RUE DE LA DUCHESSE,2021-01-01,1953,5,316,106.0,470000,"4433,96"
707.0,44.0,NANTES, RUE DES FOLIES CHAILLOU,2021-01-01,1959,4,185,105.0,478800,"4560,00"
708.0,44.0,NANTES, IMP DES GARDENIAS,2021-01-01,1997,5,312,107.0,465000,"4345,79"
709.0,44.0,NANTES, AV DE LA GARE DE ST JOSEPH,2021-01-01,1958,6,720,105.0,318500,"3033,33"
710.0,44.0,NANTES, RUE DE LA GILARDERIE,2021-01-01,1900,4, ,106.0,350000,"3301,89"
711.0,44.0,NANTES, RUE DES PRIMEVERES,2021-01-01,1931,5,291,107.0,517000,"4831,78"
712.0,44.0,NANTES, RUE PROFESSEUR DUBUISSON,2021-01-01,1969,6,397,105.0,669000,"6371,43"
713.0,44.0,NANTES, CHE DES PROPRIETAIRES,2021-01-01,1800,4,118,105.0,632000,"6019,05"
714.0,44.0,NANTES, RUE DE RACAPE,2021-01-01,1938,5,221,106.0,727700,"6865,09"
715.0,44.0,NANTES, RUE RAOUL DUFY,2021-01-01,1956,2,335,105.0,442000,"4209,52"
716.0,44.0,NANTES, AV DU SEQUOIA,2021-01-01,2010,5,179,107.0,430000,"4018,69"
717.0,44.0,NANTES, RUE VILLEBOIS MAREUIL,2021-01-01,1922,5,277,105.0,705000,"6714,29"
718.0,44.0,ORVAULT, AV FELIX VINCENT,2021-01-01,1930,5,313,105.0,488000,"4647,62"
719.0,44.0,ST SEBASTIEN SUR LOIRE, RUE COSTES ET BELLONTE,2021-01-01,1989,3,542,105.0,290000,"2761,90"
720.0,44.0,VERTOU, RUE EMILE PINEAU,2021-01-01,1900,4,409,105.0,355000,"3380,95"
721.0,44.0,VERTOU, AV DU ROI HENRI IV,2021-01-01,1988,4,518,107.0,370000,"3457,94"
722.0,44.0,BOUGUENAIS, RUE RENE LEDUC,2021-01-01,1992,4,539,108.0,345000,"3194,44"
723.0,44.0,NANTES, RUE NICOLAS APPERT,2021-01-01,1820,1,58,110.0,420000,"3818,18"
724.0,44.0,NANTES, RUE DU BOIS DE HERCE,2021-01-01,1958,4,130,109.0,390000,"3577,98"
725.0,44.0,NANTES, RUE DU BOIS DE HERCE,2021-01-01,1930,5,1 082,110.0,380000,"3454,55"
726.0,44.0,NANTES, RUE CARDINAL RICHARD,2021-01-01,1924,6,221,110.0,650000,"5909,09"
727.0,44.0,NANTES, RUE DES CHARMILLES,2021-01-01,1930,6,198,107.0,480000,"4485,98"
728.0,44.0,NANTES, RUE CDT HENRI VIOT,2021-01-01,1963,4,297,110.0,370000,"3363,64"
729.0,44.0,NANTES, RUE DUPLEIX,2021-01-01,1916,5,161,110.0,520000,"4727,27"
730.0,44.0,NANTES, IMP DES GARDENIAS,2021-01-01,1997,5,312,107.0,465000,"4345,79"
731.0,44.0,NANTES, BD GASTON SERPETTE,2021-01-01,1940,5,226,110.0,572000,"5200,00"
732.0,44.0,NANTES, RUE DE LA GOURMETTE,2021-01-01,1870,4,383,110.0,690400,"6276,36"
733.0,44.0,NANTES, B BD PAUL LANGEVIN,2021-01-01,1910,7,553,110.0,625000,"5681,82"
734.0,44.0,NANTES, RUE DES PRIMEVERES,2021-01-01,1931,5,291,107.0,517000,"4831,78"
735.0,44.0,NANTES, CHE DES PROPRIETAIRES,2021-01-01,1900,4,497,110.0,700000,"6363,64"
736.0,44.0,NANTES, RTE DE RENNES,2021-01-01,1920,4,135,110.0,310000,"2818,18"
737.0,44.0,NANTES, AV DU SEQUOIA,2021-01-01,2010,5,179,107.0,430000,"4018,69"
738.0,44.0,NANTES, B CHE DES TERRES,2021-01-01,2011,5,313,110.0,600000,"5454,55"
739.0,44.0,NANTES, RUE DE TOURAINE,2021-01-01,1900,4,211,110.0,690000,"6272,73"
740.0,44.0,NANTES, RUE DE VIENNE,2021-01-01,1923,4,316,108.0,720000,"6666,67"
741.0,44.0,ORVAULT, RUE D ANJOU,2021-01-01,1960,6,477,110.0,460000,"4181,82"
742.0,44.0,REZE, RUE HENRI BARBUSSE,2021-01-01,1950,5,981,110.0,540000,"4909,09"
743.0,44.0,REZE, RUE MARCEL LACROIX,2021-01-01,1983,3,605,110.0,530000,"4818,18"
744.0,44.0,ST-HERBLAIN, BD DU MASSACRE,2021-01-01,1960,5,446,108.0,280000,"2592,59"
745.0,44.0,ST-HERBLAIN, RUE DES ROBINIERS,2021-01-01,1972,4,612,108.0,350000,"3240,74"
746.0,44.0,ST SEBASTIEN SUR LOIRE, RUE COSTES ET BELLONTE,2021-01-01,1993,4,486,108.0,365000,"3379,63"
747.0,44.0,ST SEBASTIEN SUR LOIRE, RUE DES COUCOUS,2021-01-01,1964,3,365,110.0,300000,"2727,27"
748.0,44.0,ST SEBASTIEN SUR LOIRE, RUE EDOUARD HERVE,2021-01-01,1963,5,299,108.0,388500,"3597,22"
749.0,44.0,ST SEBASTIEN SUR LOIRE, RUE DE VENDOME,2021-01-01,1985,6,442,109.0,350000,"3211,01"
750.0,44.0,VERTOU, AV DU ROI HENRI IV,2021-01-01,1988,4,518,107.0,370000,"3457,94"
