id,Dept,Commune,Adresse,Date vente,Année construct.,Nb Pièces,N° etg,Surface Carrez(m²),Surface utile(m²),Prix(€),Prix/m²(€) Surface Carrez,Prix/m²(€) Surface utile
1.0,44.0,NANTES, RUE AMIRAL RONARCH,2021-01-01,1920,1,0,15,14.0,96000,"6438,63","6857,14"
2.0,44.0,NANTES, RUE ARMAND BROSSARD,2021-01-01,1914,2,3,14,18.0,66000,"4870,85","3666,67"
3.0,44.0,NANTES, RUE BEAUREGARD,2021-01-01,1870,1,6,20,20.0,122565,"6221,57","6128,25"
4.0,44.0,NANTES, RUE BEAUSOLEIL,2021-01-01,1880,1,3,15,17.0,80000,"5405,41","4705,88"
5.0,44.0,NANTES, RUE DES CARMES,2021-01-01,1850,1,2,0,19.0,106000,,"5578,95"
6.0,44.0,NANTES, RUE DU CHATEAU,2021-01-01,1750,2,0,20,19.0,100000,"4980,08","5263,16"
7.0,44.0,NANTES, RUE DU CHER,2021-01-01,2009,1,2,19,19.0,70000,"3621,31","3684,21"
8.0,44.0,NANTES, RUE DU CHER,2021-01-01,2009,1,1,19,19.0,87000,"4489,16","4578,95"
9.0,44.0,NANTES, RUE DU CHER,2021-01-01,2009,1,1,19,19.0,94000,"4878,05","4947,37"
10.0,44.0,NANTES, RUE DU CHER,2021-01-01,2009,1,1,19,21.0,83000,"4322,92","3952,38"
11.0,44.0,NANTES, RUE DE COULMIERS,2021-01-01,1875,1,2,0,20.0,75000,,"3750,00"
12.0,44.0,NANTES, RUE FOURE,2021-01-01,1993,1,4,16,16.0,99500,"6207,11","6218,75"
13.0,44.0,NANTES, RUE FOURE,2021-01-01,1993,1,3,16,17.0,99000,"6152,89","5823,53"
14.0,44.0,NANTES, RUE FOURE,2021-01-01,1993,1,1,15,18.0,94050,"6107,14","5225,00"
15.0,44.0,NANTES, RUE JEAN EMILE LABOUREUR,2021-01-01,1989,1,1,16,17.0,97000,"6051,15","5705,88"
16.0,44.0,NANTES, RUE LAMBERT,2021-01-01,1870,1,4,11,9.0,75000,"6550,22","8333,33"
17.0,44.0,NANTES, RUE LEON BLUM,2021-01-01,1880,1,4,0,19.0,122000,,"6421,05"
18.0,44.0,NANTES, RUE DES PETITES ECURIES,2021-01-01,2009,1,3,0,20.0,86000,,"4300,00"
19.0,44.0,NANTES, RUE PITRE CHEVALIER,2021-01-01,1992,1,1,0,18.0,75000,,"4166,67"
20.0,44.0,NANTES, RUE PREFET BONNEFOY,2021-01-01,1994,1,1,19,18.0,96000,"5152,98","5333,33"
21.0,44.0,NANTES, RUE PREFET BONNEFOY,2021-01-01,1994,1,5,18,18.0,134000,"7444,44","7444,44"
22.0,44.0,NANTES, RUE PREFET BONNEFOY,2021-01-01,1994,1,4,19,18.0,115000,"6087,88","6388,89"
23.0,44.0,NANTES, RUE ST-LEONARD,2021-01-01,1860,1,4,15,18.0,62000,"4100,53","3444,44"
24.0,44.0,NANTES, RUE ST-LEONARD,2021-01-01,1800,1,5,17,14.0,82640,"4895,73","5902,86"
25.0,44.0,NANTES, RUE DES  CROISSANTS,2021-01-01,1858,1,4,12,13.0,89510,"7324,88","6885,38"
26.0,44.0,NANTES, RUE ADOLPHE MOITIE,2021-01-01,1820,2,3,24,23.0,123790,"5108,96","5382,17"
27.0,44.0,NANTES, RUE DE LA BACLERIE,2021-01-01,1870,1,1,22,23.0,98500,"4393,40","4282,61"
28.0,44.0,NANTES, B AV BASCHER,2021-01-01,2004,1,1,23,22.0,90000,"3973,51","4090,91"
29.0,44.0,NANTES, RUE BEAUREGARD,2021-01-01,1870,1,6,20,20.0,122565,"6221,57","6128,25"
30.0,44.0,NANTES, RUE DE LA BLETERIE,2021-01-01,1800,1,4,21,24.0,122000,"5779,25","5083,33"
31.0,44.0,NANTES, RUE DES CARMES,2021-01-01,1990,2,1,21,21.0,120000,"5822,42","5714,29"
32.0,44.0,NANTES, RUE DU CHATEAU,2021-01-01,1750,2,0,20,19.0,100000,"4980,08","5263,16"
33.0,44.0,NANTES, RUE DU CHER,2021-01-01,2009,1,1,19,21.0,83000,"4322,92","3952,38"
34.0,44.0,NANTES, RUE DE COLMAR,2021-01-01,2014,1,1,25,25.0,110000,"4366,81","4400,00"
35.0,44.0,NANTES, RUE DE COULMIERS,2021-01-01,1880,1,3,20,25.0,66000,"3300,00","2640,00"
36.0,44.0,NANTES, RUE DE COULMIERS,2021-01-01,1900,1,2,0,22.0,95000,,"4318,18"
37.0,44.0,NANTES, RUE DE COULMIERS,2021-01-01,1875,1,2,0,20.0,75000,,"3750,00"
38.0,44.0,NANTES, RUE DE COULMIERS,2021-01-01,1900,1,2,27,25.0,115000,"4289,44","4600,00"
39.0,44.0,NANTES, RUE DUGAST MATIFEUX,2021-01-01,0,2,1,0,21.0,120000,,"5714,29"
40.0,44.0,NANTES, RUE EMILE PEHANT,2021-01-01,1920,1,1,28,24.0,119600,"4336,48","4983,33"
41.0,44.0,NANTES, RUE FRANCISCO FERRER,2021-01-01,1900,1,1,20,21.0,95000,"4714,64","4523,81"
42.0,44.0,NANTES, RUE GAMBETTA,2021-01-01,1900,1,1,0,25.0,117400,,"4696,00"
43.0,44.0,NANTES, RUE GEORGES CLEMENCEAU,2021-01-01,1989,1,1,22,21.0,120000,"5578,80","5714,29"
44.0,44.0,NANTES, RUE HENRI COCHARD,2021-01-01,1988,1,2,26,25.0,130000,"5088,06","5200,00"
45.0,44.0,NANTES, RUE JEAN EMILE LABOUREUR,2021-01-01,1930,1,2,25,24.0,114000,"4641,69","4750,00"
46.0,44.0,NANTES, RUE LEON BLUM,2021-01-01,0,1,0,24,25.0,116480,"4883,86","4659,20"
47.0,44.0,NANTES, RUE MATHELIN RODIER,2021-01-01,1850,1,1,0,24.0,130000,,"5416,67"
48.0,44.0,NANTES, RUE PAUL DUBOIS,2021-01-01,1996,1,1,21,21.0,105000,"5067,57","5000,00"
49.0,44.0,NANTES, RUE DES PETITES ECURIES,2021-01-01,2009,1,3,0,20.0,86000,,"4300,00"
50.0,44.0,NANTES, RUE DES PETITES ECURIES,2021-01-01,2009,1,2,23,22.0,86300,"3830,45","3922,73"
51.0,44.0,NANTES, RUE DES POISSONNIERS,2021-01-01,1870,1,2,0,22.0,112000,,"5090,91"
52.0,44.0,NANTES, RUE DES STOCKS,2021-01-01,2011,1,2,23,23.0,106000,"4570,94","4608,70"
53.0,44.0,NANTES, RUE DE STRASBOURG,2021-01-01,1860,1,6,24,29.0,95000,"4033,97","3275,86"
54.0,44.0,NANTES, RUE DE VERDUN,2021-01-01,1870,1,1,24,28.0,130000,"5400,91","4642,86"
55.0,44.0,NANTES, ALL DE VILLEBON,2021-01-01,2011,1,1,22,22.0,130000,"5855,86","5909,09"
56.0,44.0,NANTES, RUE ARMAND BROSSARD,2021-01-01,1914,2,1,29,35.0,165000,"5619,89","4714,29"
57.0,44.0,NANTES, PL DU BOUFFAY,2021-01-01,1750,1,1,33,30.0,149000,"4486,60","4966,67"
58.0,44.0,NANTES, RUE DE BRIORD,2021-01-01,1948,1,2,27,27.0,145000,"5436,82","5370,37"
59.0,44.0,NANTES, RUE DU CHATEAU,2021-01-01,1680,1,2,0,30.0,200000,,"6666,67"
60.0,44.0,NANTES, RUE DE CHATEAUBRIAND,2021-01-01,0,1,0,0,27.0,105000,,"3888,89"
61.0,44.0,NANTES, RUE DE COLMAR,2021-01-01,2014,1,1,25,25.0,110000,"4366,81","4400,00"
62.0,44.0,NANTES, ALL CDT CHARCOT,2021-01-01,1880,2,2,32,28.0,132000,"4166,67","4714,29"
63.0,44.0,NANTES, RUE DE COULMIERS,2021-01-01,1880,1,3,20,25.0,66000,"3300,00","2640,00"
64.0,44.0,NANTES, RUE DE COULMIERS,2021-01-01,1900,1,2,27,25.0,115000,"4289,44","4600,00"
65.0,44.0,NANTES, RUE CRUCY,2021-01-01,1987,2,1,0,27.0,110000,,"4074,07"
66.0,44.0,NANTES, RUE CRUCY,2021-01-01,1989,1,4,0,27.0,122000,,"4518,52"
67.0,44.0,NANTES, RUE DUFOUR,2021-01-01,1750,1,3,0,27.0,93000,,"3444,44"
68.0,44.0,NANTES, RUE EMILE PEHANT,2021-01-01,1920,1,1,28,24.0,119600,"4336,48","4983,33"
69.0,44.0,NANTES, QUAI FERDINAND FAVRE,2021-01-01,1997,2,4,30,30.0,150000,"4926,11","5000,00"
70.0,44.0,NANTES, RUE FREDERIC CAILLIAUD,2021-01-01,1930,2,0,0,27.0,128000,,"4740,74"
71.0,44.0,NANTES, RUE GAMBETTA,2021-01-01,1900,1,1,0,25.0,117400,,"4696,00"
72.0,44.0,NANTES, RUE GAL BUAT,2021-01-01,2011,1,0,29,29.0,112500,"3903,54","3879,31"
73.0,44.0,NANTES, RUE HENRI COCHARD,2021-01-01,1988,1,2,26,25.0,130000,"5088,06","5200,00"
74.0,44.0,NANTES, RUE DE LA JUIVERIE,2021-01-01,1800,1,5,0,30.0,155000,,"5166,67"
75.0,44.0,NANTES, RUE DE LA JUIVERIE,2021-01-01,1850,1,1,0,30.0,133000,,"4433,33"
76.0,44.0,NANTES, RUE DE LA JUIVERIE,2021-01-01,1700,2,1,0,30.0,166000,,"5533,33"
77.0,44.0,NANTES, RUE LAENNEC,2021-01-01,1880,2,0,30,29.0,105000,"3521,13","3620,69"
78.0,44.0,NANTES, RUE LEON BLUM,2021-01-01,1900,1,3,0,30.0,116610,,"3887,00"
79.0,44.0,NANTES, RUE LEON BLUM,2021-01-01,0,1,0,24,25.0,116480,"4883,86","4659,20"
80.0,44.0,NANTES, ALL DE LA MAISON ROUGE,2021-01-01,1910,1,1,28,30.0,120000,"4327,44","4000,00"
81.0,44.0,NANTES, RUE DE MANILLE,2021-01-01,1900,1,0,28,31.0,90500,"3199,01","2919,35"
82.0,44.0,NANTES, RUE DU MARAIS,2021-01-01,1928,1,0,26,35.0,130000,"4931,71","3714,29"
83.0,44.0,NANTES, RUE DU MARAIS,2021-01-01,1900,2,1,27,28.0,102000,"3813,08","3642,86"
84.0,44.0,NANTES, RUE DES PETITES ECURIES,2021-01-01,2009,2,3,29,28.0,80000,"2768,17","2857,14"
85.0,44.0,NANTES, T IMP PHILIBERT,2021-01-01,1920,1,1,0,30.0,120000,,"4000,00"
86.0,44.0,NANTES, RUE DE STRASBOURG,2021-01-01,1860,1,6,24,29.0,95000,"4033,97","3275,86"
87.0,44.0,NANTES, RUE DE VERDUN,2021-01-01,1870,1,1,24,28.0,130000,"5400,91","4642,86"
88.0,44.0,NANTES, RUE D ALLONVILLE,2021-01-01,1990,2,2,30,32.0,131100,"4318,18","4096,88"
89.0,44.0,NANTES, RUE ARMAND BROSSARD,2021-01-01,1914,2,1,29,35.0,165000,"5619,89","4714,29"
90.0,44.0,NANTES, RUE BEAUREGARD,2021-01-01,1870,1,4,0,31.0,90000,,"2903,23"
91.0,44.0,NANTES, RUE DE LA BERAUDIERE,2021-01-01,1959,2,2,39,34.0,182500,"4678,29","5367,65"
92.0,44.0,NANTES, RUE DE LA BISCUITERIE,2021-01-01,1995,1,2,34,33.0,110000,"3254,44","3333,33"
93.0,44.0,NANTES, RUE DE LA BISCUITERIE,2021-01-01,1995,1,2,34,33.0,110000,"3270,89","3333,33"
94.0,44.0,NANTES, PL DU BOUFFAY,2021-01-01,1750,1,1,33,30.0,149000,"4486,60","4966,67"
95.0,44.0,NANTES, RUE DU CHATEAU,2021-01-01,1680,1,2,0,30.0,200000,,"6666,67"
96.0,44.0,NANTES, ALL CDT CHARCOT,2021-01-01,1880,2,2,32,28.0,132000,"4166,67","4714,29"
97.0,44.0,NANTES, RUE DE COULMIERS,2021-01-01,1996,3,3,34,40.0,172000,"5075,24","4300,00"
98.0,44.0,NANTES, QUAI FERDINAND FAVRE,2021-01-01,1997,2,4,30,30.0,150000,"4926,11","5000,00"
99.0,44.0,NANTES, QUAI FERDINAND FAVRE,2021-01-01,1997,1,1,39,35.0,175000,"4454,06","5000,00"
100.0,44.0,NANTES, RUE GAL BUAT,2021-01-01,2011,2,3,33,34.0,140000,"4290,53","4117,65"
101.0,44.0,NANTES, RUE DE LA JUIVERIE,2021-01-01,1800,1,5,0,30.0,155000,,"5166,67"
102.0,44.0,NANTES, RUE DE LA JUIVERIE,2021-01-01,1850,1,1,0,30.0,133000,,"4433,33"
103.0,44.0,NANTES, RUE DE LA JUIVERIE,2021-01-01,1700,2,1,0,30.0,166000,,"5533,33"
104.0,44.0,NANTES, RUE LEON BLUM,2021-01-01,1900,1,3,0,30.0,116610,,"3887,00"
105.0,44.0,NANTES, RUE LEON BLUM,2021-01-01,1920,2,3,33,35.0,115000,"3455,53","3285,71"
106.0,44.0,NANTES, RUE LEON BLUM,2021-01-01,0,2,2,31,32.0,134000,"4376,22","4187,50"
107.0,44.0,NANTES, ALL DE LA MAISON ROUGE,2021-01-01,1910,1,1,28,30.0,120000,"4327,44","4000,00"
108.0,44.0,NANTES, QUAI DE MALAKOFF,2021-01-01,2000,2,1,33,33.0,135000,"4089,67","4090,91"
109.0,44.0,NANTES, RUE DE MANILLE,2021-01-01,1900,1,0,28,31.0,90500,"3199,01","2919,35"
110.0,44.0,NANTES, RUE DU MARAIS,2021-01-01,1928,1,0,26,35.0,130000,"4931,71","3714,29"
111.0,44.0,NANTES, RUE MAL JOFFRE,2021-01-01,1900,2,1,41,35.0,168000,"4090,58","4800,00"
112.0,44.0,NANTES, RUE MATHELIN RODIER,2021-01-01,1900,2,3,0,35.0,167800,,"4794,29"
113.0,44.0,NANTES, RUE DU MOULIN,2021-01-01,1945,2,5,33,39.0,180000,"5471,12","4615,38"
114.0,44.0,NANTES, PRV NEPTUNE,2021-01-01,2014,1,2,34,34.0,185000,"5376,34","5441,18"
115.0,44.0,NANTES, RUE PAUL BELLAMY,2021-01-01,1880,1,2,32,32.0,175000,"5467,04","5468,75"
116.0,44.0,NANTES, RUE PAUL BELLAMY,2021-01-01,1790,1,3,31,36.0,158000,"5118,24","4388,89"
117.0,44.0,NANTES, RUE DES PETITES ECURIES,2021-01-01,1800,2,1,0,35.0,178000,,"5085,71"
118.0,44.0,NANTES, T IMP PHILIBERT,2021-01-01,1920,1,1,0,30.0,120000,,"4000,00"
119.0,44.0,NANTES, RUE PITRE CHEVALIER,2021-01-01,1990,2,2,34,34.0,143500,"4265,76","4220,59"
120.0,44.0,NANTES, RUE RABELAIS,2021-01-01,1948,2,1,0,33.0,138000,,"4181,82"
121.0,44.0,NANTES, RUE ST-LEONARD,2021-01-01,1860,2,1,30,35.0,172000,"5708,60","4914,29"
122.0,44.0,NANTES, RUE DU E REGIMENT INFANTERIE,2021-01-01,1954,2,0,38,35.0,173000,"4533,54","4942,86"
123.0,44.0,NANTES, ALL DE VILLEBON,2021-01-01,2000,2,0,38,35.0,145000,"3817,80","4142,86"
124.0,44.0,NANTES, RUE ARMAND BROSSARD,2021-01-01,1914,2,1,29,35.0,165000,"5619,89","4714,29"
125.0,44.0,NANTES, RUE DE LA BERAUDIERE,2021-01-01,1959,2,2,39,34.0,182500,"4678,29","5367,65"
126.0,44.0,NANTES, RUE DES CARMES,2021-01-01,1850,2,2,0,39.0,206480,,"5294,36"
127.0,44.0,NANTES, RUE DE COULMIERS,2021-01-01,1996,3,3,34,40.0,172000,"5075,24","4300,00"
128.0,44.0,NANTES, QUAI FERDINAND FAVRE,2021-01-01,1997,1,1,39,35.0,175000,"4454,06","5000,00"
129.0,44.0,NANTES, RUE GAL BUAT,2021-01-01,2011,2,4,36,46.0,156000,"4302,26","3391,30"
130.0,44.0,NANTES, RUE GEORGES CLEMENCEAU,2021-01-01,1970,1,3,36,36.0,150000,"4177,11","4166,67"
131.0,44.0,NANTES, B RUE LAENNEC,2021-01-01,1850,2,1,0,40.0,170000,,"4250,00"
132.0,44.0,NANTES, RUE LEON BLUM,2021-01-01,1920,2,3,33,35.0,115000,"3455,53","3285,71"
133.0,44.0,NANTES, RUE DU MARAIS,2021-01-01,1928,1,0,26,35.0,130000,"4931,71","3714,29"
134.0,44.0,NANTES, RUE MAL JOFFRE,2021-01-01,1976,2,1,0,37.0,137000,,"3702,70"
135.0,44.0,NANTES, RUE MAL JOFFRE,2021-01-01,1900,2,1,41,35.0,168000,"4090,58","4800,00"
136.0,44.0,NANTES, RUE MATHELIN RODIER,2021-01-01,1900,2,3,0,35.0,167800,,"4794,29"
137.0,44.0,NANTES, RUE DU MOULIN,2021-01-01,1945,2,5,33,39.0,180000,"5471,12","4615,38"
138.0,44.0,NANTES, RUE PAUL BELLAMY,2021-01-01,1790,1,3,31,36.0,158000,"5118,24","4388,89"
139.0,44.0,NANTES, RUE DES PETITES ECURIES,2021-01-01,1800,2,1,0,35.0,178000,,"5085,71"
140.0,44.0,NANTES, RUE DE RICHEBOURG,2021-01-01,1880,2,1,40,41.0,164000,"4106,16","4000,00"
141.0,44.0,NANTES, RUE DE RICHEBOURG,2021-01-01,0,2,0,37,38.0,132000,"3562,75","3473,68"
142.0,44.0,NANTES, RUE DES ROCHETTES,2021-01-01,1999,1,2,38,37.0,134700,"3557,84","3640,54"
143.0,44.0,NANTES, RUE DU ROI ALBERT,2021-01-01,1800,2,3,35,36.0,140052,"3947,35","3890,33"
144.0,44.0,NANTES, RUE DU ROI ALBERT,2021-01-01,1800,2,3,35,36.0,164000,"4622,32","4555,56"
145.0,44.0,NANTES, RUE ST-LEONARD,2021-01-01,1860,2,1,30,35.0,172000,"5708,60","4914,29"
146.0,44.0,NANTES, RUE DU E REGIMENT INFANTERIE,2021-01-01,1954,2,0,38,35.0,173000,"4533,54","4942,86"
147.0,44.0,NANTES, CRS SULLY,2021-01-01,1997,2,5,41,40.0,260000,"6333,74","6500,00"
148.0,44.0,NANTES, ALL DE VILLEBON,2021-01-01,2000,2,0,38,35.0,145000,"3817,80","4142,86"
149.0,44.0,NANTES, ALL ADRIENNE BOLLAND,2021-01-01,2019,2,2,42,42.0,109200,"2579,73","2600,00"
150.0,44.0,NANTES, ALL ADRIENNE BOLLAND,2021-01-01,2019,2,3,44,43.0,112600,"2579,61","2618,60"
151.0,44.0,NANTES, ALL ADRIENNE BOLLAND,2021-01-01,2019,2,2,44,43.0,113300,"2602,20","2634,88"
152.0,44.0,NANTES, RUE DE BITCHE,2021-01-01,2003,2,5,44,44.0,223000,"5035,00","5068,18"
153.0,44.0,NANTES, RUE DE COULMIERS,2021-01-01,1880,3,0,0,42.0,160000,,"3809,52"
154.0,44.0,NANTES, RUE DE COULMIERS,2021-01-01,1996,3,3,34,40.0,172000,"5075,24","4300,00"
155.0,44.0,NANTES, RUE DE LA DISTILLERIE,2021-01-01,1880,3,2,48,45.0,200000,"4183,23","4444,44"
156.0,44.0,NANTES, ALL DUQUESNE,2021-01-01,1850,3,1,47,42.0,210000,"4467,13","5000,00"
157.0,44.0,NANTES, RUE DE L EMERY,2021-01-01,1880,2,1,44,44.0,200000,"4526,94","4545,45"
158.0,44.0,NANTES, RUE EMILE PEHANT,2021-01-01,1967,2,1,0,42.0,142000,,"3380,95"
159.0,44.0,NANTES, QUAI FERDINAND FAVRE,2021-01-01,1997,2,5,45,44.0,235600,"5276,60","5354,55"
160.0,44.0,NANTES, RUE JEAN EMILE LABOUREUR,2021-01-01,1930,2,3,44,48.0,229000,"5240,27","4770,83"
161.0,44.0,NANTES, RUE DE JEMMAPES,2021-01-01,2007,2,2,44,43.0,176000,"4027,46","4093,02"
162.0,44.0,NANTES, IMP JOSEPH PEIGNON,2021-01-01,1880,1,3,43,44.0,200000,"4626,42","4545,45"
163.0,44.0,NANTES, B RUE LAENNEC,2021-01-01,1850,2,1,0,40.0,170000,,"4250,00"
164.0,44.0,NANTES, RUE MAL JOFFRE,2021-01-01,1900,2,1,41,35.0,168000,"4090,58","4800,00"
165.0,44.0,NANTES, RUE DE MAYENCE,2021-01-01,2009,2,1,46,44.0,182000,"3983,37","4136,36"
166.0,44.0,NANTES, RUE PAUL BELLAMY,2021-01-01,1880,3,2,0,45.0,305000,,"6777,78"
167.0,44.0,NANTES, RUE DES PETITES ECURIES,2021-01-01,1830,2,2,43,44.0,170000,"3997,18","3863,64"
168.0,44.0,NANTES, RUE PITRE CHEVALIER,2021-01-01,1990,2,3,40,41.0,204000,"5055,76","4975,61"
169.0,44.0,NANTES, ALL DE LA REINE MARGOT,2021-01-01,2000,2,0,47,45.0,117000,"2504,82","2600,00"
170.0,44.0,NANTES, RUE DE RICHEBOURG,2021-01-01,1880,2,1,40,41.0,164000,"4106,16","4000,00"
171.0,44.0,NANTES, IMP ST-LAURENT,2021-01-01,1880,2,0,0,45.0,187000,,"4155,56"
172.0,44.0,NANTES, RUE DE STRASBOURG,2021-01-01,1964,2,5,0,43.0,205000,,"4767,44"
173.0,44.0,NANTES, CRS SULLY,2021-01-01,1997,2,5,41,40.0,260000,"6333,74","6500,00"
174.0,44.0,NANTES, QUAI DE VERSAILLES,2021-01-01,1998,2,2,44,44.0,220000,"4949,38","5000,00"
175.0,44.0,NANTES, QUAI DE VERSAILLES,2021-01-01,1971,2,4,47,45.0,190000,"4064,17","4222,22"
176.0,44.0,NANTES, ALL ADRIENNE BOLLAND,2021-01-01,2019,2,3,50,50.0,130800,"2610,78","2616,00"
177.0,44.0,NANTES, RUE D ALLONVILLE,2021-01-01,2017,2,2,0,49.0,124852,,"2548,00"
178.0,44.0,NANTES, ALL BACO,2021-01-01,0,2,2,49,49.0,238000,"4845,28","4857,14"
179.0,44.0,NANTES, RUE DU BOURGNEUF,2021-01-01,1810,3,1,52,50.0,255000,"4875,72","5100,00"
180.0,44.0,NANTES, RUE DE LA DISTILLERIE,2021-01-01,1880,3,2,48,45.0,200000,"4183,23","4444,44"
181.0,44.0,NANTES, ALL DUQUESNE,2021-01-01,1850,3,1,47,42.0,210000,"4467,13","5000,00"
182.0,44.0,NANTES, RUE DE L EVECHE,2021-01-01,1900,2,2,50,50.0,239000,"4780,00","4780,00"
183.0,44.0,NANTES, RUE FRANCOIS FARINEAU,2021-01-01,1998,2,2,47,47.0,215000,"4545,45","4574,47"
184.0,44.0,NANTES, RUE GAMBETTA,2021-01-01,1900,1,1,0,50.0,225000,,"4500,00"
185.0,44.0,NANTES, RUE GAMBETTA,2021-01-01,2004,2,3,50,50.0,200000,"3982,48","4000,00"
186.0,44.0,NANTES, RUE GAL BUAT,2021-01-01,2011,2,4,36,46.0,156000,"4302,26","3391,30"
187.0,44.0,NANTES, RUE GUILLAUME GROU,2021-01-01,2004,2,2,48,47.0,180000,"3757,04","3829,79"
188.0,44.0,NANTES, RUE JEAN EMILE LABOUREUR,2021-01-01,1930,2,3,44,48.0,229000,"5240,27","4770,83"
189.0,44.0,NANTES, RUE DE MANILLE,2021-01-01,1900,3,3,49,60.0,180000,"3699,14","3000,00"
190.0,44.0,NANTES, RUE DE MANILLE,2021-01-01,1900,3,3,49,60.0,167000,"3431,98","2783,33"
191.0,44.0,NANTES, RUE MAL JOFFRE,2021-01-01,1800,3,3,0,48.0,300000,,"6250,00"
192.0,44.0,NANTES, RUE DE MAYENCE,2021-01-01,2009,2,1,46,44.0,182000,"3983,37","4136,36"
193.0,44.0,NANTES, MAIL PABLO PICASSO,2021-01-01,2010,2,4,46,46.0,177000,"3817,12","3847,83"
194.0,44.0,NANTES, RUE PAUL BELLAMY,2021-01-01,1880,3,2,0,45.0,305000,,"6777,78"
195.0,44.0,NANTES, RUE DES POISSONNIERS,2021-01-01,1870,3,4,0,46.0,172600,,"3752,17"
196.0,44.0,NANTES, ALL DE LA REINE MARGOT,2021-01-01,2000,2,0,47,45.0,117000,"2504,82","2600,00"
197.0,44.0,NANTES, PL STE-CROIX,2021-01-01,1900,3,4,0,50.0,98000,,"1960,00"
198.0,44.0,NANTES, IMP ST-LAURENT,2021-01-01,1880,2,0,0,45.0,187000,,"4155,56"
199.0,44.0,NANTES, RUE DE SAVERNE,2021-01-01,2009,2,2,0,46.0,187000,,"4065,22"
200.0,44.0,NANTES, RUE TOURNEFORT,2021-01-01,1950,2,1,0,46.0,250000,,"5434,78"
201.0,44.0,NANTES, QUAI DE VERSAILLES,2021-01-01,1971,2,4,47,45.0,190000,"4064,17","4222,22"
202.0,44.0,NANTES, ALL ADRIENNE BOLLAND,2021-01-01,2019,2,3,50,50.0,130800,"2610,78","2616,00"
203.0,44.0,NANTES, ALL ADRIENNE BOLLAND,2021-01-01,2019,2,1,0,52.0,133600,,"2569,23"
204.0,44.0,NANTES, RUE D ALLONVILLE,2021-01-01,1900,3,1,52,53.0,190000,"3644,73","3584,91"
205.0,44.0,NANTES, RUE DU BOURGNEUF,2021-01-01,1810,3,1,52,50.0,255000,"4875,72","5100,00"
206.0,44.0,NANTES, AV CHANZY,2021-01-01,1961,3,1,54,55.0,255000,"4678,90","4636,36"
207.0,44.0,NANTES, ALL DUQUESNE,2021-01-01,1900,2,1,50,51.0,195000,"3869,05","3823,53"
208.0,44.0,NANTES, RUE DES ECACHOIRS,2021-01-01,2000,2,2,51,51.0,230000,"4504,50","4509,80"
209.0,44.0,NANTES, RUE ECORCHARD,2021-01-01,1920,3,2,59,55.0,295000,"4987,32","5363,64"
210.0,44.0,NANTES, RUE DE L EVECHE,2021-01-01,1900,2,2,50,50.0,239000,"4780,00","4780,00"
211.0,44.0,NANTES, QUAI FERDINAND FAVRE,2021-01-01,1997,2,5,50,51.0,262500,"5212,47","5147,06"
212.0,44.0,NANTES, RUE FRANCOIS JOSEPH TALMA,2021-01-01,1960,3,1,54,53.0,230000,"4257,68","4339,62"
213.0,44.0,NANTES, IMP FURET,2021-01-01,1850,2,2,0,53.0,175000,,"3301,89"
214.0,44.0,NANTES, RUE GAMBETTA,2021-01-01,1900,1,1,0,50.0,225000,,"4500,00"
215.0,44.0,NANTES, RUE GAMBETTA,2021-01-01,1998,2,4,53,53.0,235000,"4459,20","4433,96"
216.0,44.0,NANTES, RUE GAMBETTA,2021-01-01,2004,2,3,50,50.0,200000,"3982,48","4000,00"
217.0,44.0,NANTES, RUE GASTON TURPIN,2021-01-01,1953,3,4,59,53.0,175000,"2945,14","3301,89"
218.0,44.0,NANTES, RUE GEOFFROY DROUET,2021-01-01,2018,2,1,53,51.0,229000,"4347,83","4490,20"
219.0,44.0,NANTES, RUE JEAN EMILE LABOUREUR,2021-01-01,1997,2,1,54,54.0,273340,"5046,90","5061,85"
220.0,44.0,NANTES, RUE DE LA JUIVERIE,2021-01-01,1850,3,3,54,55.0,255000,"4730,98","4636,36"
221.0,44.0,NANTES, RUE LAENNEC,2021-01-01,1900,2,1,0,51.0,208000,,"4078,43"
222.0,44.0,NANTES, RUE DE RICHEBOURG,2021-01-01,1880,2,0,0,54.0,220000,,"4074,07"
223.0,44.0,NANTES, RUE DU E REGIMENT INFANTERIE,2021-01-01,1954,4,2,53,56.0,223000,"4237,93","3982,14"
224.0,44.0,NANTES, ALL ADRIENNE BOLLAND,2021-01-01,2019,2,3,57,57.0,143200,"2492,60","2512,28"
225.0,44.0,NANTES, RUE D ALLONVILLE,2021-01-01,1990,3,1,59,60.0,250000,"4253,15","4166,67"
226.0,44.0,NANTES, RUE DE BITCHE,2021-01-01,1998,2,4,58,58.0,235900,"4092,64","4067,24"
227.0,44.0,NANTES, AV CHANZY,2021-01-01,1961,3,1,54,55.0,255000,"4678,90","4636,36"
228.0,44.0,NANTES, ALL CDT CHARCOT,2021-01-01,1948,4,3,55,62.0,250000,"4531,45","4032,26"
229.0,44.0,NANTES, RUE DE COULMIERS,2021-01-01,1900,3,3,56,68.0,210000,"3772,23","3088,24"
230.0,44.0,NANTES, RUE DE COULMIERS,2021-01-01,1988,3,2,58,63.0,275000,"4729,15","4365,08"
231.0,44.0,NANTES, RUE DESAIX,2021-01-01,1900,3,1,0,60.0,235000,,"3916,67"
232.0,44.0,NANTES, RUE ECORCHARD,2021-01-01,1920,3,2,59,55.0,295000,"4987,32","5363,64"
233.0,44.0,NANTES, RUE FRANCOIS EVELLIN,2021-01-01,2001,3,2,61,60.0,270000,"4446,64","4500,00"
234.0,44.0,NANTES, RUE FREDERIC CAILLIAUD,2021-01-01,2007,3,4,67,59.0,303000,"4492,22","5135,59"
235.0,44.0,NANTES, RUE GAMBETTA,2021-01-01,2004,2,2,57,57.0,206500,"3595,06","3622,81"
236.0,44.0,NANTES, RUE GAMBETTA,2021-01-01,2004,2,1,57,57.0,210000,"3666,84","3684,21"
237.0,44.0,NANTES, RUE GASTON TURPIN,2021-01-01,1953,3,4,59,53.0,175000,"2945,14","3301,89"
238.0,44.0,NANTES, RUE DE LA JUIVERIE,2021-01-01,1850,3,3,54,55.0,255000,"4730,98","4636,36"
239.0,44.0,NANTES, RUE DE MANILLE,2021-01-01,1900,3,3,49,60.0,180000,"3699,14","3000,00"
240.0,44.0,NANTES, RUE DE MANILLE,2021-01-01,1900,3,3,49,60.0,167000,"3431,98","2783,33"
241.0,44.0,NANTES, RUE MARCEL HATET,2021-01-01,1880,3,1,56,57.0,155000,"2748,23","2719,30"
242.0,44.0,NANTES, RUE MAL JOFFRE,2021-01-01,1900,2,3,66,58.0,279000,"4233,69","4810,34"
243.0,44.0,NANTES, RUE RABELAIS,2021-01-01,1900,4,1,0,57.0,210000,,"3684,21"
244.0,44.0,NANTES, RUE DE RIEUX,2021-01-01,2002,3,3,59,59.0,305000,"5161,62","5169,49"
245.0,44.0,NANTES, RUE DU E REGIMENT INFANTERIE,2021-01-01,1954,4,2,53,56.0,223000,"4237,93","3982,14"
246.0,44.0,NANTES, VEN DU THOUET,2021-01-01,2010,3,1,0,60.0,200000,,"3333,33"
247.0,44.0,NANTES, RUE DE LOURMEL,2021-01-01,1955,2,1,0,57.0,355000,,"6228,07"
248.0,44.0,NANTES, RUE DE VERDUN,2021-01-01,1850,4,2,72,60.0,380000,"5255,15","6333,33"
249.0,44.0,NANTES, AV ANDREE VIOLLIS,2021-01-01,2019,3,0,62,62.0,149000,"2399,36","2403,23"
250.0,44.0,NANTES, RUE D ALLONVILLE,2021-01-01,1990,3,1,59,60.0,250000,"4253,15","4166,67"
251.0,44.0,NANTES, RUE D ALLONVILLE,2021-01-01,1920,4,0,66,65.0,229000,"3466,55","3523,08"
252.0,44.0,NANTES, ALL ANNE-MARIE IMBRECQ,2021-01-01,2019,3,1,65,62.0,156000,"2412,99","2516,13"
253.0,44.0,NANTES, ALL ANNE-MARIE IMBRECQ,2021-01-01,2019,3,1,64,62.0,156000,"2426,13","2516,13"
254.0,44.0,NANTES, ALL ANNE-MARIE IMBRECQ,2021-01-01,2019,3,1,0,62.0,156000,,"2516,13"
255.0,44.0,NANTES, AV CHANZY,2021-01-01,1959,4,3,62,61.0,260000,"4213,26","4262,30"
256.0,44.0,NANTES, ALL CDT CHARCOT,2021-01-01,1948,4,3,55,62.0,250000,"4531,45","4032,26"
257.0,44.0,NANTES, RUE DE COULMIERS,2021-01-01,1988,3,2,58,63.0,275000,"4729,15","4365,08"
258.0,44.0,NANTES, RUE DESAIX,2021-01-01,1900,3,1,0,60.0,235000,,"3916,67"
259.0,44.0,NANTES, RUE FRANCOIS EVELLIN,2021-01-01,2001,3,2,61,60.0,270000,"4446,64","4500,00"
260.0,44.0,NANTES, RUE FREDERIC CAILLIAUD,2021-01-01,1962,3,4,60,61.0,205000,"3391,23","3360,66"
261.0,44.0,NANTES, RUE GAMBETTA,2021-01-01,1995,3,0,64,62.0,275000,"4263,57","4435,48"
262.0,44.0,NANTES, RUE JEAN EMILE LABOUREUR,2021-01-01,2009,3,3,64,63.0,290000,"4522,06","4603,17"
263.0,44.0,NANTES, QUAI MAGELLAN,2021-01-01,2001,3,2,62,61.0,325000,"5244,47","5327,87"
264.0,44.0,NANTES, RUE DE MANILLE,2021-01-01,1900,3,3,49,60.0,180000,"3699,14","3000,00"
265.0,44.0,NANTES, RUE DE MANILLE,2021-01-01,1900,3,3,49,60.0,167000,"3431,98","2783,33"
266.0,44.0,NANTES, RUE MARCEL HATET,2021-01-01,2007,3,1,64,64.0,225000,"3539,41","3515,63"
267.0,44.0,NANTES, RUE DE MAYENCE,2021-01-01,2009,3,4,64,64.0,292500,"4559,63","4570,31"
268.0,44.0,NANTES, RUE MONFOULON,2021-01-01,2013,3,0,64,64.0,300000,"4687,50","4687,50"
269.0,44.0,NANTES, RUE DU MOULIN,2021-01-01,1900,1,1,65,65.0,300000,"4593,48","4615,38"
270.0,44.0,NANTES, RUE DE LA MOUTONNERIE,2021-01-01,1930,3,1,0,62.0,125000,,"2016,13"
271.0,44.0,NANTES, MAIL PABLO PICASSO,2021-01-01,2014,3,8,66,65.0,240000,"3659,09","3692,31"
272.0,44.0,NANTES, VEN DU THOUET,2021-01-01,2010,3,1,0,60.0,200000,,"3333,33"
273.0,44.0,NANTES, VEN DU THOUET,2021-01-01,2010,3,5,68,64.0,255000,"3766,06","3984,38"
274.0,44.0,NANTES, RUE TOURNEFORT,2021-01-01,1930,3,0,64,63.0,338700,"5276,52","5376,19"
275.0,44.0,NANTES, RUE DE VERDUN,2021-01-01,1850,4,2,72,60.0,380000,"5255,15","6333,33"
276.0,44.0,NANTES, RUE DE VERDUN,2021-01-01,1940,3,2,0,63.0,260000,,"4126,98"
277.0,44.0,NANTES, ALL ADRIENNE BOLLAND,2021-01-01,2019,3,3,66,66.0,156400,"2377,26","2369,70"
278.0,44.0,NANTES, ALL ADRIENNE BOLLAND,2021-01-01,2019,3,2,0,66.0,154900,,"2346,97"
279.0,44.0,NANTES, RUE D ALLONVILLE,2021-01-01,1920,4,0,66,65.0,229000,"3466,55","3523,08"
280.0,44.0,NANTES, RUE AMIRAL RONARC H,2021-01-01,1951,3,2,72,70.0,295000,"4092,67","4214,29"
281.0,44.0,NANTES, ALL BACO,2021-01-01,1965,3,4,0,70.0,270000,,"3857,14"
282.0,44.0,NANTES, RUE DE LA BERAUDIERE,2021-01-01,2002,3,1,0,67.0,309914,,"4625,58"
283.0,44.0,NANTES, PAS BERTHAUD,2021-01-01,2008,4,1,70,70.0,345000,"4907,54","4928,57"
284.0,44.0,NANTES, RUE DE LA BISCUITERIE,2021-01-01,1995,3,4,0,67.0,325000,,"4850,75"
285.0,44.0,NANTES, RUE DE COULMIERS,2021-01-01,1900,3,3,56,68.0,210000,"3772,23","3088,24"
286.0,44.0,NANTES, RUE DE COULMIERS,2021-01-01,0,4,3,0,67.0,259000,,"3865,67"
287.0,44.0,NANTES, RUE FRANCOIS EVELLIN,2021-01-01,2001,3,3,0,68.0,230000,,"3382,35"
288.0,44.0,NANTES, RUE FREDERIC CAILLIAUD,2021-01-01,2007,3,4,67,59.0,303000,"4492,22","5135,59"
289.0,44.0,NANTES, RUE GAL BUAT,2021-01-01,1988,3,1,0,67.0,163000,,"2432,84"
290.0,44.0,NANTES, RUE JEANNE D ARC,2021-01-01,1900,3,1,73,70.0,320000,"4379,96","4571,43"
291.0,44.0,NANTES, RUE LEON MAITRE,2021-01-01,2014,3,2,70,70.0,407000,"5815,12","5814,29"
292.0,44.0,NANTES, RUE MAL JOFFRE,2021-01-01,1900,2,3,66,58.0,279000,"4233,69","4810,34"
293.0,44.0,NANTES, RUE DU MOULIN,2021-01-01,1900,1,1,65,65.0,300000,"4593,48","4615,38"
294.0,44.0,NANTES, MAIL PABLO PICASSO,2021-01-01,2014,3,8,66,65.0,240000,"3659,09","3692,31"
295.0,44.0,NANTES, MAIL PABLO PICASSO,2021-01-01,2010,3,7,0,66.0,242000,,"3666,67"
296.0,44.0,NANTES, RUE PIERRE AUDIGE,2021-01-01,1993,3,3,70,69.0,305000,"4385,33","4420,29"
297.0,44.0,NANTES, RUE PIERRE AUDIGE,2021-01-01,1993,3,3,0,67.0,280000,,"4179,10"
298.0,44.0,NANTES, ALL DU PORT MAILLARD,2021-01-01,0,4,4,0,70.0,292000,,"4171,43"
299.0,44.0,NANTES, B RUE ST-DONATIEN,2021-01-01,1920,3,1,65,67.0,235000,"3610,39","3507,46"
300.0,44.0,NANTES, RUE ST-LEONARD,2021-01-01,1900,3,1,68,71.0,326000,"4759,82","4591,55"
301.0,44.0,NANTES, CRS SULLY,2021-01-01,1997,3,1,71,70.0,320000,"4514,04","4571,43"
302.0,44.0,NANTES, RUE SULLY,2021-01-01,0,3,1,0,69.0,480000,,"6956,52"
303.0,44.0,NANTES, VEN DU THOUET,2021-01-01,2010,3,5,68,64.0,255000,"3766,06","3984,38"
304.0,44.0,NANTES, RUE ADOLPHE MOITIE,2021-01-01,1860,3,1,78,80.0,392000,"5043,10","4900,00"
305.0,44.0,NANTES, RUE AMIRAL RONARC H,2021-01-01,1951,3,2,72,70.0,295000,"4092,67","4214,29"
306.0,44.0,NANTES, ALL BACO,2021-01-01,1965,3,4,0,70.0,270000,,"3857,14"
307.0,44.0,NANTES, PAS BERTHAUD,2021-01-01,2008,4,1,70,70.0,345000,"4907,54","4928,57"
308.0,44.0,NANTES, RUE DE LA BLETERIE,2021-01-01,1948,3,1,78,90.0,335000,"4307,02","3722,22"
309.0,44.0,NANTES, IMP DE LA CALYPSO,2021-01-01,1991,3,3,0,71.0,190000,,"2676,06"
310.0,44.0,NANTES, B RUE DE COULMIERS,2021-01-01,1900,3,0,74,74.0,354240,"4762,57","4787,03"
311.0,44.0,NANTES, RUE DELOYNES,2021-01-01,1800,3,2,85,75.0,334000,"3951,26","4453,33"
312.0,44.0,NANTES, RUE FENELON,2021-01-01,1740,3,3,0,75.0,355000,,"4733,33"
313.0,44.0,NANTES, RUE GAMBETTA,2021-01-01,0,3,2,0,71.0,279580,,"3937,75"
314.0,44.0,NANTES, RUE GAL BUAT,2021-01-01,1890,3,1,75,76.0,320000,"4246,85","4210,53"
315.0,44.0,NANTES, RUE HENRI IV,2021-01-01,1970,3,0,0,80.0,230000,,"2875,00"
316.0,44.0,NANTES, RUE JEANNE D ARC,2021-01-01,1900,3,1,73,70.0,320000,"4379,96","4571,43"
317.0,44.0,NANTES, RUE LEON MAITRE,2021-01-01,2014,3,2,70,70.0,407000,"5815,12","5814,29"
318.0,44.0,NANTES, RUE MAL JOFFRE,2021-01-01,1873,3,4,74,77.0,293500,"3960,33","3811,69"
319.0,44.0,NANTES, ALL DU PORT MAILLARD,2021-01-01,0,4,4,0,70.0,292000,,"4171,43"
320.0,44.0,NANTES, ALL DE LA REINE MARGOT,2021-01-01,1997,3,3,0,75.0,360000,,"4800,00"
321.0,44.0,NANTES, RUE ST-LEONARD,2021-01-01,1900,3,1,68,71.0,326000,"4759,82","4591,55"
322.0,44.0,NANTES, PL SOPHIE TREBUCHET,2021-01-01,1953,3,5,74,74.0,358250,"4815,19","4841,22"
323.0,44.0,NANTES, PL SOPHIE TREBUCHET,2021-01-01,1953,4,4,75,73.0,365000,"4855,01","5000,00"
324.0,44.0,NANTES, RUE STANISLAS BAUDRY,2021-01-01,1900,4,1,0,75.0,330000,,"4400,00"
325.0,44.0,NANTES, CRS SULLY,2021-01-01,1997,3,1,71,70.0,320000,"4514,04","4571,43"
326.0,44.0,NANTES, RUE DE VERDUN,2021-01-01,1850,4,2,72,60.0,380000,"5255,15","6333,33"
327.0,44.0,NANTES, QUAI DE VERSAILLES,2021-01-01,1989,3,5,79,83.0,440192,"5601,83","5303,52"
328.0,44.0,NANTES, RUE ADOLPHE MOITIE,2021-01-01,1860,3,1,78,80.0,392000,"5043,10","4900,00"
329.0,44.0,NANTES, ALL ADRIENNE BOLLAND,2021-01-01,2019,5,1,0,90.0,205425,,"2282,50"
330.0,44.0,NANTES, RUE DE BITCHE,2021-01-01,1999,4,5,0,87.0,427000,,"4908,05"
331.0,44.0,NANTES, RUE DE LA BLETERIE,2021-01-01,1948,3,1,78,90.0,335000,"4307,02","3722,22"
332.0,44.0,NANTES, RUE DELOYNES,2021-01-01,1800,3,2,85,75.0,334000,"3951,26","4453,33"
333.0,44.0,NANTES, PL DUMOUSTIER,2021-01-01,1870,3,1,84,86.0,300000,"3563,79","3488,37"
334.0,44.0,NANTES, RUE DE L EVECHE,2021-01-01,1899,4,4,0,81.0,414000,,"5111,11"
335.0,44.0,NANTES, B ALL FLESSELLES,2021-01-01,1800,2,3,89,89.0,352000,"3964,41","3955,06"
336.0,44.0,NANTES, RUE GEOFFROY DROUET,2021-01-01,1880,4,1,0,81.0,352500,,"4351,85"
337.0,44.0,NANTES, RUE HENRI COCHARD,2021-01-01,1969,5,2,90,92.0,365000,"4065,95","3967,39"
338.0,44.0,NANTES, RUE HENRI IV,2021-01-01,1970,3,0,0,80.0,230000,,"2875,00"
339.0,44.0,NANTES, RUE LEON BLUM,2021-01-01,1900,4,2,93,88.0,425000,"4554,71","4829,55"
340.0,44.0,NANTES, RUE MARCEL HATET,2021-01-01,1880,4,1,0,81.0,327000,,"4037,04"
341.0,44.0,NANTES, ALL DES SOEURS DE L'ESPERANCE,2021-01-01,2020,4,2,0,84.0,575000,,"6845,24"
342.0,44.0,NANTES, ALL SUSAN BROWNELL ANTHONY,2021-01-01,2019,3,6,90,88.0,363008,"4046,91","4125,09"
343.0,44.0,NANTES, RUE DE VERDUN,2021-01-01,1880,5,4,0,89.0,335000,,"3764,04"
344.0,44.0,NANTES, QUAI DE VERSAILLES,2021-01-01,1989,3,5,79,83.0,440192,"5601,83","5303,52"
345.0,44.0,NANTES, ALL ADRIENNE BOLLAND,2021-01-01,2019,5,1,0,90.0,205425,,"2282,50"
346.0,44.0,NANTES, RUE DE LA BLETERIE,2021-01-01,1948,3,1,78,90.0,335000,"4307,02","3722,22"
347.0,44.0,NANTES, PL DU CHANGE,2021-01-01,1950,3,5,0,106.0,414000,,"3905,66"
348.0,44.0,NANTES, RUE DE COULMIERS,2021-01-01,1890,5,2,91,108.0,410000,"4509,95","3796,30"
349.0,44.0,NANTES, RUE DES ECHEVINS,2021-01-01,1935,5,3,0,108.0,500000,,"4629,63"
350.0,44.0,NANTES, RUE GAMBETTA,2021-01-01,0,4,2,99,98.0,372000,"3752,65","3795,92"
351.0,44.0,NANTES, RUE HENRI COCHARD,2021-01-01,1969,5,2,90,92.0,365000,"4065,95","3967,39"
352.0,44.0,NANTES, RUE JEAN EMILE LABOUREUR,2021-01-01,1997,5,3,102,100.0,500000,"4913,52","5000,00"
353.0,44.0,NANTES, RUE LEON BLUM,2021-01-01,1900,4,2,93,88.0,425000,"4554,71","4829,55"
354.0,44.0,NANTES, RUE MATHELIN RODIER,2021-01-01,1700,2,3,95,105.0,350000,"3696,27","3333,33"
355.0,44.0,NANTES, RUE DU MOULIN,2021-01-01,1955,5,3,114,110.0,450000,"3960,57","4090,91"
356.0,44.0,NANTES, RUE PAUL BELLAMY,2021-01-01,1880,3,3,0,92.0,370000,,"4021,74"
357.0,44.0,NANTES, RUE PAUL BELLAMY,2021-01-01,1870,5,3,112,110.0,452500,"4036,57","4113,64"
358.0,44.0,NANTES, RUE ST CHARLES,2021-01-01,2012,4,1,0,106.0,670000,,"6320,75"
359.0,44.0,NANTES, ALL DES TANNEURS,2021-01-01,1968,3,1,0,100.0,485000,,"4850,00"
360.0,44.0,NANTES, RUE D ALLONVILLE,2021-01-01,1990,5,4,116,126.0,550000,"4758,20","4365,08"
361.0,44.0,NANTES, RUE DE L ARCHE SECHE,2021-01-01,1920,5,4,0,116.0,350000,,"3017,24"
362.0,44.0,NANTES, RUE ARMAND BROSSARD,2021-01-01,1890,4,3,130,117.0,345000,"2646,92","2948,72"
363.0,44.0,NANTES, PL DUMOUSTIER,2021-01-01,1870,5,3,166,150.0,521970,"3137,40","3479,80"
364.0,44.0,NANTES, PL DES ENFANTS NANTAIS,2021-01-01,1967,5,3,0,112.0,538000,,"4803,57"
365.0,44.0,NANTES, QUAI HENRI BARBUSSE,2021-01-01,1989,5,5,0,117.0,795000,,"6794,87"
366.0,44.0,NANTES, RUE MAL JOFFRE,2021-01-01,1910,6,1,138,123.0,590000,"4265,78","4796,75"
367.0,44.0,NANTES, RUE DU MOULIN,2021-01-01,1955,5,3,114,110.0,450000,"3960,57","4090,91"
368.0,44.0,NANTES, RUE DE LA PAIX,2021-01-01,1900,7,2,0,160.0,646000,,"4037,50"
369.0,44.0,NANTES, RUE PAUL BELLAMY,2021-01-01,1870,5,3,112,110.0,452500,"4036,57","4113,64"
370.0,44.0,NANTES, RUE PAUL BELLAMY,2021-01-01,1870,2,2,113,130.0,492000,"4347,83","3784,62"
371.0,44.0,NANTES, RUE DU ROI ALBERT,2021-01-01,1900,5,1,0,130.0,550000,,"4230,77"
372.0,44.0,NANTES, RUE DU ROI ALBERT,2021-01-01,1780,4,1,125,119.0,388387,"3118,32","3263,76"
373.0,44.0,NANTES, IMP VIGNOLLE,2021-01-01,1780,6,1,0,153.0,581000,,"3797,39"
